Workbook

Sheet Instructions & Glossary
B2: Sr. No | C2: Notes | I2: Sr. No | J2: Important Points & Rules for Name Change:
B3: 1 | C3: Please Enter the details only in the YELLOW boxes | F3: Sheets Name | G3: Working / Calculation in the Sheet | I3: 1 | J3: Birthday is active from 0 years to 35 years while Life Path becomes active from 36 years onwards.
B4: 2 | C4: By Entering Name, Surname & Date of Birth All Numbers get calculated automaticaly - 1. CORE - BD (Birth Date), LP (Life Path), FN (First Name), EXP (Expression No), SU (Soul Urge), SS (Secret Self), 2. Balance, Maturity, Attitude 3. Hidden Passion, 4. Karmic, 5. Challenge, 6. Pinnacles, 7. PY, PM, PD (PM & PD - For Current Full Year) 8. Please enter Gender if you are using Lo Shu Grid | F4: Master Calculator | G4: All Numbers get calculated automatically:- 1. CORE - BD (Birth Date), LP (Life Path), FN (First Name), EXP (Expression No), SU (Soul Urge), SS (Secret Self), 2. Balance, Maturity, Attitude 3. Hidden Passion, 4. Karmic, 5. Challenge, 6. Pinnacles, 7. In this seet In BD/LP Table, Whatever is Active Turns GREEN II. Name Correction - Compatibility Chart | I4: 2 | J4: Series of 4 and 8 are totally avoided in First Name and Expression Numbers while working on New spellings but can be given in Vowels and Consonants total.
B5: 3 | C5: Please DO NOT enter anything anywhere Except YELLOW BOX else the file will get corrupted | F5: Lo Shu Grid | G5: I. Pull the details from Master Calculator and Prepares Lo Shu Grid II. Pull the Name details from Master Calculator and Shows the Grid | I5: 3 | J5: If the prominent Number that is Birthday or Life Path (irrespective of what is active) is of the 3/6 series one cannot give the First Name or Expression as a 6/3 series, but it can be given in the vowels and consonants total.
B6: 4 | C6: In Karmic Numbers, KL & MKL gets highlightes with Blue Colour | F6: Current Year Personal Year-Month-Day | G6: I. Pull the Details from Master Calculator and calculates the Following 1. Current Personal Year 2. Full Years Personal Month 3. Full Years Personal Day 4. In this Personal Day gets highlighted which is compatible with BD/LP | I6: 4 | J6: The Combination of 369 is called the magical triangle in a Core.
B7: 5 | C7: In Hidden Passion the Cell will Turn Blue for the Highest Number and the rest will be Shades of Red in desending order | F7: Mobile-Vehicle-House-Bank Coompany Name | G7: 1. Calculates Mobile No. Vehicle No. House No. Bank A/c No. 2. Calculates Company Name and Compares with BD & LP | I7: 5 | J7: Avoid 4 and 9 or 8 and 9 totally in the core as these combinations attract court cases and health issues respectively.
B8: 6 | C8: In Aspect / Compatibility table E-Excellent, VG-Very Good, G-Good, F-Fair, A-Avoid & SA - Super Avoid | F8: Past - Future Personal Year-Month-Day | G8: In this Sheet one can calculate PY, PM, PD for Past and Future Year by entering DOB & Date in Yellow Box | I8: 6 | J8: If the First Name or Expression comes to a Harsh Number, it is a mandate to give a new spelling.
B9: 7 | C9: In Aspects / Compatibility table if result is A-Avoid or SA-Super Avoid the Box will turn RED | D9: A - SA | I9: 7 | J9: The following details to be taken by the client over email- Full Date of Birth; Name as in use and as on documents; Issues (if any) and Desire of the client.
B10: 8 | C10: This Sheet only calculate the numbers and does not give any corrections or predictions. You can play and do comparison with Old & New name by making changes till the Aspects / Compatibility table Turn All WHITE | I10: 8 | J10: The first step is checking the active component (Birthday or life Path as per the age). Once the active component is ascertained check it with the First Name, Expression, Soul Urge and Secret Self Number. Make use of the Aspects shared above for this purpose. Then check the First Name and Expression and see if they come to Harsh/Good/Very Good or Numbers. If they come to Harsh Numbers, then even if they get a tick in the aspects part while checking still the person would require a spelling change.
B11: 9 | C11: You will have to refer to Notes to understand the definition of Numbers and other calculations (Challenge, Pinnacles etc.) | I11: 9 | J11: The Suggested (worked) spelling to be written 21 times thrice a day (morning-afternoon-night) with a green coloured pen (ink green) for minimal 6 months in a new copy from the New Moon or Full Moon Day whichever falls earlier (time as per your choice) for a minimum of 6 months. Make sure the writing is neat and clear. It’s your choice to write in cursive handwriting or in capital letters. Failure to write the spelling won't bring any changes hence make it a daily happy ritual to write the name and write it with positivity and happiness...You are welcome to change the spelling in social networking sites, signature of your emails and in any other place where you can though no legal changes are required anywhere .. If you are not comfortable changing the spelling on social networking site, please carry on only with religiously practicing the new spelling daily and encounter bliss in the coming days...
B12: 10 | C12: For Your convenience, I have made the Alphabet table highlighting Vowels which will help on Spelling corrections | I12: 10 | J12: Once the copy in which the name is being written is finished, it can be put in the soil or can be put in a nearby lake/river/sea.
B13: 11 | C13: Apart from there is a separate sheet to calculate all the below calculations 1. Mobile, 2. Bank A/c No., 3. Vehicle, 4. House numbers
B14: 12 | C14: You can also calcuate and correct COMPANY Names, which gives result after comparing with BD & LP.

Sheet Working File
C1: D | D1: D | F1: M | G1: M | I1: Y | J1: Y | K1: Y | L1: Y | P1: 1 | Q1: 2 | R1: 3 | S1: 4 | T1: 5 | U1: 6 | V1: 7 | W1: 8 | X1: 9 | AL1: 1 | AM1: 2 | AN1: 3 | AO1: 4 | AP1: 5 | AQ1: 6 | AR1: 7 | AS1: 8
A2: Date of Birth | B2: 27896 | C2: =MID(A4,1,1) -> 1 | D2: =MID(A4,2,1) -> 6 | F2: =MID(A4,4,1) -> 0 | G2: =MID(A4,5,1) -> 5 | I2: =MID(A4,7,1) -> 1 | J2: =MID(A4,8,1) -> 9 | K2: =MID(A4,9,1) -> 7 | L2: =MID(A4,10,1) -> 6 | N2: BD | O2: =AA14 -> 7 | P2: =INDEX($AR$21:$BA$32,MATCH(P$1,$AR$21:$BA$21,0),MATCH($O$2,$AR$21:$AR$32,0)) -> G | Q2: =INDEX($AR$21:$BA$32,MATCH(Q$1,$AR$21:$BA$21,0),MATCH($O$2,$AR$21:$AR$32,0)) -> VG | R2: =INDEX($AR$21:$BA$32,MATCH(R$1,$AR$21:$BA$21,0),MATCH($O$2,$AR$21:$AR$32,0)) -> G | S2: =INDEX($AR$21:$BA$32,MATCH(S$1,$AR$21:$BA$21,0),MATCH($O$2,$AR$21:$AR$32,0)) -> G | T2: =INDEX($AR$21:$BA$32,MATCH(T$1,$AR$21:$BA$21,0),MATCH($O$2,$AR$21:$AR$32,0)) -> G | U2: =INDEX($AR$21:$BA$32,MATCH(U$1,$AR$21:$BA$21,0),MATCH($O$2,$AR$21:$AR$32,0)) -> G | V2: =INDEX($AR$21:$BA$32,MATCH(V$1,$AR$21:$BA$21,0),MATCH($O$2,$AR$21:$AR$32,0)) -> E | W2: =INDEX($AR$21:$BA$32,MATCH(W$1,$AR$21:$BA$21,0),MATCH($O$2,$AR$21:$AR$32,0)) -> A | X2: =INDEX($AR$21:$BA$32,MATCH(X$1,$AR$21:$BA$21,0),MATCH($O$2,$AR$21:$AR$32,0)) -> A | AL2: A | AM2: B | AN2: C | AO2: D | AP2: E | AQ2: U | AR2: O | AS2: F
A3: =TEXT(B2,("DD-MMM")) -> 16-May | I3: =I2&J2&K2&L2 -> 1976 | L3: =SUMPRODUCT(1*MID(I3,ROW(INDIRECT("1:"&LEN(I3))),1)) -> 23 | N3: LP | O3: =AA15 -> 8 | P3: =INDEX($AR$21:$BA$32,MATCH(P$1,$AR$21:$BA$21,0),MATCH($O$3,$AR$21:$AR$32,0)) -> F | Q3: =INDEX($AR$21:$BA$32,MATCH(Q$1,$AR$21:$BA$21,0),MATCH($O$3,$AR$21:$AR$32,0)) -> A | R3: =INDEX($AR$21:$BA$32,MATCH(R$1,$AR$21:$BA$21,0),MATCH($O$3,$AR$21:$AR$32,0)) -> G | S3: =INDEX($AR$21:$BA$32,MATCH(S$1,$AR$21:$BA$21,0),MATCH($O$3,$AR$21:$AR$32,0)) -> A | T3: =INDEX($AR$21:$BA$32,MATCH(T$1,$AR$21:$BA$21,0),MATCH($O$3,$AR$21:$AR$32,0)) -> VG | U3: =INDEX($AR$21:$BA$32,MATCH(U$1,$AR$21:$BA$21,0),MATCH($O$3,$AR$21:$AR$32,0)) -> G | V3: =INDEX($AR$21:$BA$32,MATCH(V$1,$AR$21:$BA$21,0),MATCH($O$3,$AR$21:$AR$32,0)) -> A | W3: =INDEX($AR$21:$BA$32,MATCH(W$1,$AR$21:$BA$21,0),MATCH($O$3,$AR$21:$AR$32,0)) -> E | X3: =INDEX($AR$21:$BA$32,MATCH(X$1,$AR$21:$BA$21,0),MATCH($O$3,$AR$21:$AR$32,0)) -> SA | AL3: I | AM3: K | AN3: G | AO3: M | AP3: H | AQ3: V | AR3: Z | AS3: P
A4: =TEXT(B2,"DD-MM-YYYY") -> 16-05-1976 | B4: Zodiac & Element | C4: BD | F4: BM | I4: BY | AL4: J | AM4: R | AN4: L | AO4: T | AP4: N | AQ4: W
B5: =CHOOSE(MATCH(1,(DATEVALUE({"22/12/2011","21/01/2012","20/02/2012","21/03/2012","21/04/2012","22/05/2012","22/06/2012","23/07/2012","23/08/2012","24/09/2012","24/10/2012","23/11/2012","22/12/2012"})<=DATEVALUE(TEXT(B2,"dd/mm/")&"2012"))*(DATEVALUE({"20/01/2012","19/02/2012","20/03/2012","20/04/2012","21/05/2012","21/06/2012","22/07/2012","22/08/2012","23/09/2012","23/10/2012","22/11/2012","21/12/2012","20/01/2013"})>=DATEVALUE(TEXT(B2,"dd/mm/")&"2012")),0),"Capricorn - Earth","Aquarius - Air","Pisces - Water","Aries - Fire","Taurus - Earth","Gemini - Air","Cancer - Water","Leo - Fire","Virgo - Earth","Libra - Air","Scorpio - Water","Sagittarius Fire","Capricorn - Earth") -> Taurus - Earth | C5: =C2+D2 -> 7 | F5: =F2+G2 -> 5 | I5: =SUMPRODUCT(1*MID(L3,ROW(INDIRECT("1:"&LEN(L3))),1)) -> 5 | P5: 1 | Q5: 2 | R5: 3 | S5: 4 | T5: 5 | U5: 6 | V5: 7 | W5: 8 | X5: 9 | AL5: Q | AN5: S | AP5: X
B6: BD | C6: =IF(LEN(C5)>1,LEFT(C5,1)+RIGHT(C5,1),C5) -> 7 | F6: =IF(LEN(F5)>1,LEFT(F5,1)+RIGHT(F5,1),F5) -> 5 | I6: =SUMPRODUCT(1*MID(I5,ROW(INDIRECT("1:"&LEN(I5))),1)) -> 5 | P6: 10 | Q6: 11 | R6: 12 | S6: 13 | T6: 14 | U6: 15 | V6: 16 | W6: 17 | X6: 18 | AL6: Y
B7: LP | C7: =MOD((C6+F6+I6)-1,9)+1 -> 8 | P7: 19 | Q7: 20 | R7: 21 | S7: 22 | T7: 23 | U7: 24 | V7: 25 | W7: 26 | X7: 27
P8: 28 | Q8: 29 | R8: 30 | S8: 31 | T8: 32 | U8: 33 | V8: 34 | W8: 35 | X8: 36
A9: Gender | B9: Male | D9: Age | P9: 37 | Q9: 38 | R9: 39 | S9: 40 | T9: 41 | U9: 42 | V9: 43 | W9: 44 | X9: 45
D10: =(TODAY()-B2)/365 -> 49.178082 | P10: 46 | Q10: 47 | R10: 48 | S10: 49 | T10: 50 | U10: 51 | V10: 52
AB12: Old Aspects / Compatibility | AI12: =IF(LEN(AA14)>1,LEFT(AA14,1)+RIGHT(AA14,1),AA14) -> 7 | GB12: No | GC12: Rank | GG12: Compatibility Table | GR12: Alphabet | GS12: Number | GU12: Compound Numbers | GY12: Vowels | GZ12: a | HA12: e | HB12: i | HC12: o | HD12: u | HG12: Date | HH12: Date | HI12: Zodiac | HJ12: Element | HK12: =HI12&" - "&HJ12 -> Zodiac - Element
A13: Current Name | Y13: Old Core | AB13: With BD | AC13: With LP | AI13: =IF(LEN(AA15)>1,LEFT(AA15,1)+RIGHT(AA15,1),AA15) -> 8 | GB13: 5 | GC13: G | GH13: 1 | GI13: 2 | GJ13: 3 | GK13: 4 | GL13: 5 | GM13: 6 | GN13: 7 | GO13: 8 | GP13: 9 | GR13: A | GS13: 1 | GU13: No | GV13: Rank | GZ13: 1 | HA13: 5 | HB13: 1 | HC13: 7 | HD13: 6 | HG13: 43831 | HH13: =TEXT(HG13,"DD-MMM") -> 01-Jan | HI13: Capricorn | HJ13: Earth | HK13: =HI13&" - "&HJ13 -> Capricorn - Earth
A14: First Name | B14: Mannooj | C14: =MID($B14,COLUMNS($B$13:B$13),1) -> M | D14: =MID($B14,COLUMNS($B$13:C$13),1) -> a | E14: =MID($B14,COLUMNS($B$13:D$13),1) -> n | F14: =MID($B14,COLUMNS($B$13:E$13),1) -> n | G14: =MID($B14,COLUMNS($B$13:F$13),1) -> o | H14: =MID($B14,COLUMNS($B$13:G$13),1) -> o | I14: =MID($B14,COLUMNS($B$13:H$13),1) -> j | J14: =MID($B14,COLUMNS($B$13:I$13),1) | ... T14: =MID($B14,COLUMNS($B$13:S$13),1) | Y14: BD | Z14: =C$5 -> 7 | AA14: =C6 -> 7 | AB14: =IF(D10<=35,"Active",0) -> 0 | AC14: =IF(D10>35,"Active",0) -> Active | AI14: =IF(LEN(AA16)>1,LEFT(AA16,1)+RIGHT(AA16,1),AA16) -> 3 | GB14: 6 | GC14: G | GG14: 1 | GH14: E | GI14: G | GJ14: G | GK14: F | GL14: G | GM14: F | GN14: G | GO14: F | GP14: A | GR14: B | GS14: 2 | GU14: 1 | GV14: X | HG14: 43832 | HH14: =TEXT(HG14,"DD-MMM") -> 02-Jan | HI14: Capricorn | HJ14: Earth | HK14: =HI14&" - "&HJ14 -> Capricorn - Earth
C15: =IFERROR(VLOOKUP(C14,GR:GS,2,0),0) -> 4 | D15: =IFERROR(VLOOKUP(D14,GR:GS,2,0),0) -> 1 | E15: =IFERROR(VLOOKUP(E14,GR:GS,2,0),0) -> 5 | F15: =IFERROR(VLOOKUP(F14,GR:GS,2,0),0) -> 5 | G15: =IFERROR(VLOOKUP(G14,GR:GS,2,0),0) -> 7 | H15: =IFERROR(VLOOKUP(H14,GR:GS,2,0),0) -> 7 | I15: =IFERROR(VLOOKUP(I14,GR:GS,2,0),0) -> 1 | J15: =IFERROR(VLOOKUP(J14,GR:GS,2,0),0) -> 0 | ... T15: =IFERROR(VLOOKUP(T14,GR:GS,2,0),0) -> 0 | U15: =SUM(C15:T15) -> 30 | V15: =IF(U15<10,U15,((LEFT(U15,1))+(RIGHT(U15,1)))) -> 3 | W15: FN | X15: =IF(U15>52,VLOOKUP(V15,GU:GV,2,0),VLOOKUP(U15,GU:GV,2,0)) -> * | Y15: LP | Z15: =I$5+F$5+C$5 -> 17 | AA15: =C7 -> 8 | AI15: =IF(LEN(AA17)>1,LEFT(AA17,1)+RIGHT(AA17,1),AA17) -> 5 | GB15: 10 | GC15: G | GG15: 2 | GH15: G | GI15: E | GJ15: G | GK15: G | GL15: F | GM15: G | GN15: VG | GO15: A | GP15: A | GR15: C | GS15: 3 | GU15: 2 | GV15: X | GX15: FN Vowel | GY15: =(GZ15*GZ16)+(HA15*HA16)+(HB15*HB16)+(HC15*HC16)+(HD15*HD16) -> 15 | GZ15: =IFERROR((HLOOKUP(GZ12,C14:T15,2,0)),0) -> 1 | HA15: =IFERROR((HLOOKUP(HA12,C14:T15,2,0)),0) -> 0 | HB15: =IFERROR((HLOOKUP(HB12,C14:T15,2,0)),0) -> 0 | HC15: =IFERROR((HLOOKUP(HC12,C14:T15,2,0)),0) -> 7 | HD15: =IFERROR((HLOOKUP(HD12,C14:T15,2,0)),0) -> 0 | HG15: 43833 | HH15: =TEXT(HG15,"DD-MMM") -> 03-Jan | HI15: Capricorn | HJ15: Earth | HK15: =HI15&" - "&HJ15 -> Capricorn - Earth
A16: Middle Name | C16: =MID($B16,COLUMNS($B$15:B$15),1) | D16: =MID($B16,COLUMNS($B$15:C$15),1) | E16: =MID($B16,COLUMNS($B$15:D$15),1) | F16: =MID($B16,COLUMNS($B$15:E$15),1) | G16: =MID($B16,COLUMNS($B$15:F$15),1) | H16: =MID($B16,COLUMNS($B$15:G$15),1) | I16: =MID($B16,COLUMNS($B$15:H$15),1) | J16: =MID($B16,COLUMNS($B$15:I$15),1) | ... T16: =MID($B16,COLUMNS($B$15:S$15),1) | Y16: FN | Z16: =U15 -> 30 | AA16: =MOD(Z16-1,9)+1 -> 3 | AB16: =INDEX(GH$14:GP$22,MATCH(IF(LEN(AA$14)>1,LEFT(AA$14,1)+RIGHT(AA$14,1),AA$14),GG$14:GG$22,0),MATCH(IF(LEN(AA16)>1,LEFT(AA16,1)+RIGHT(AA16,1),AA16),GH$13:GP$13,0)) -> G | AC16: =INDEX(GH$14:GP$22,MATCH(IF(LEN(AA$15)>1,LEFT(AA$15,1)+RIGHT(AA$15,1),AA$15),GG$14:GG$22,0),MATCH(IF(LEN(AA16)>1,LEFT(AA16,1)+RIGHT(AA16,1),AA16),GH$13:GP$13,0)) -> G | AI16: =IF(LEN(AA18)>1,LEFT(AA18,1)+RIGHT(AA18,1),AA18) -> 6 | GB16: 12 | GC16: G | GG16: 3 | GH16: G | GI16: G | GJ16: E | GK16: A | GL16: G | GM16: A | GN16: G | GO16: G | GP16: G | GR16: D | GS16: 4 | GU16: 3 | GV16: X | GZ16: =COUNTIFS(C14:T14,GZ12) -> 1 | HA16: =COUNTIFS(C14:T14,HA12) -> 0 | HB16: =COUNTIFS(C14:T14,HB12) -> 0 | HC16: =COUNTIFS(C14:T14,HC12) -> 2 | HD16: =COUNTIFS(C14:T14,HD12) -> 0 | HG16: 43834 | HH16: =TEXT(HG16,"DD-MMM") -> 04-Jan | HI16: Capricorn | HJ16: Earth | HK16: =HI16&" - "&HJ16 -> Capricorn - Earth
C17: =IFERROR(VLOOKUP(C16,GR:GS,2,0),0) -> 0 | D17: =IFERROR(VLOOKUP(D16,GR:GS,2,0),0) -> 0 | E17: =IFERROR(VLOOKUP(E16,GR:GS,2,0),0) -> 0 | F17: =IFERROR(VLOOKUP(F16,GR:GS,2,0),0) -> 0 | G17: =IFERROR(VLOOKUP(G16,GR:GS,2,0),0) -> 0 | H17: =IFERROR(VLOOKUP(H16,GR:GS,2,0),0) -> 0 | I17: =IFERROR(VLOOKUP(I16,GR:GS,2,0),0) -> 0 | J17: =IFERROR(VLOOKUP(J16,GR:GS,2,0),0) -> 0 | ... T17: =IFERROR(VLOOKUP(T16,GR:GS,2,0),0) -> 0 | U17: =SUM(C17:T17) -> 0 | V17: =IF(U17<10,U17,((LEFT(U17,1))+(RIGHT(U17,1)))) -> 0 | Y17: EXP | Z17: =U20 -> 50 | AA17: =MOD(Z17-1,9)+1 -> 5 | AB17: =INDEX(GH$14:GP$22,MATCH(IF(LEN(AA$14)>1,LEFT(AA$14,1)+RIGHT(AA$14,1),AA$14),GG$14:GG$22,0),MATCH(IF(LEN(AA17)>1,LEFT(AA17,1)+RIGHT(AA17,1),AA17),GH$13:GP$13,0)) -> G | AC17: =INDEX(GH$14:GP$22,MATCH(IF(LEN(AA$15)>1,LEFT(AA$15,1)+RIGHT(AA$15,1),AA$15),GG$14:GG$22,0),MATCH(IF(LEN(AA17)>1,LEFT(AA17,1)+RIGHT(AA17,1),AA17),GH$13:GP$13,0)) -> VG | AI17: =IF(LEN(AA19)>1,LEFT(AA19,1)+RIGHT(AA19,1),AA19) -> 8 | GB17: 13 | GC17: G | GG17: 4 | GH17: F | GI17: G | GJ17: A | GK17: E | GL17: G | GM17: G | GN17: G | GO17: A | GP17: SA | GR17: E | GS17: 5 | GU17: 4 | GV17: X | HG17: 43835 | HH17: =TEXT(HG17,"DD-MMM") -> 05-Jan | HI17: Capricorn | HJ17: Earth | HK17: =HI17&" - "&HJ17 -> Capricorn - Earth
A18: Last Name | B18: Kasturia | C18: =MID($B18,COLUMNS($B$15:B$15),1) -> K | D18: =MID($B18,COLUMNS($B$15:C$15),1) -> a | E18: =MID($B18,COLUMNS($B$15:D$15),1) -> s | F18: =MID($B18,COLUMNS($B$15:E$15),1) -> t | G18: =MID($B18,COLUMNS($B$15:F$15),1) -> u | H18: =MID($B18,COLUMNS($B$15:G$15),1) -> r | I18: =MID($B18,COLUMNS($B$15:H$15),1) -> i | J18: =MID($B18,COLUMNS($B$15:I$15),1) -> a | ... T18: =MID($B18,COLUMNS($B$15:S$15),1) | Y18: SU | Z18: =GY15+GY21+GY18 -> 24 | AA18: =MOD(Z18-1,9)+1 -> 6 | AB18: =INDEX(GH$14:GP$22,MATCH(IF(LEN(AA$14)>1,LEFT(AA$14,1)+RIGHT(AA$14,1),AA$14),GG$14:GG$22,0),MATCH(IF(LEN(AA18)>1,LEFT(AA18,1)+RIGHT(AA18,1),AA18),GH$13:GP$13,0)) -> G | AC18: =INDEX(GH$14:GP$22,MATCH(IF(LEN(AA$15)>1,LEFT(AA$15,1)+RIGHT(AA$15,1),AA$15),GG$14:GG$22,0),MATCH(IF(LEN(AA18)>1,LEFT(AA18,1)+RIGHT(AA18,1),AA18),GH$13:GP$13,0)) -> G | GB18: 14 | GC18: G | GG18: 5 | GH18: G | GI18: F | GJ18: G | GK18: G | GL18: E | GM18: F | GN18: G | GO18: VG | GP18: F | GR18: F | GS18: 8 | GU18: 5 | GV18: √ | GX18: MN Vovel | GY18: =(GZ18*GZ19)+(HA18*HA19)+(HB18*HB19)+(HC18*HC19)+(HD18*HD19) -> 0 | GZ18: =IFERROR((HLOOKUP(GZ12,C16:T17,2,0)),0) -> 0 | HA18: =IFERROR((HLOOKUP(HA12,C16:T17,2,0)),0) -> 0 | HB18: =IFERROR((HLOOKUP(HB12,C16:T17,2,0)),0) -> 0 | HC18: =IFERROR((HLOOKUP(HC12,C16:T17,2,0)),0) -> 0 | HD18: =IFERROR((HLOOKUP(HD12,C16:T17,2,0)),0) -> 0 | HG18: 43836 | HH18: =TEXT(HG18,"DD-MMM") -> 06-Jan | HI18: Capricorn | HJ18: Earth | HK18: =HI18&" - "&HJ18 -> Capricorn - Earth
C19: =IFERROR(VLOOKUP(C18,GR:GS,2,0),0) -> 2 | D19: =IFERROR(VLOOKUP(D18,GR:GS,2,0),0) -> 1 | E19: =IFERROR(VLOOKUP(E18,GR:GS,2,0),0) -> 3 | F19: =IFERROR(VLOOKUP(F18,GR:GS,2,0),0) -> 4 | G19: =IFERROR(VLOOKUP(G18,GR:GS,2,0),0) -> 6 | H19: =IFERROR(VLOOKUP(H18,GR:GS,2,0),0) -> 2 | I19: =IFERROR(VLOOKUP(I18,GR:GS,2,0),0) -> 1 | J19: =IFERROR(VLOOKUP(J18,GR:GS,2,0),0) -> 1 | ... T19: =IFERROR(VLOOKUP(T18,GR:GS,2,0),0) -> 0 | U19: =SUM(C19:T19) -> 20 | V19: =IF(U19<10,U19,((LEFT(U19,1))+(RIGHT(U19,1)))) -> 2 | Y19: SS | Z19: =Z17-Z18 -> 26 | AA19: =MOD(Z19-1,9)+1 -> 8 | AB19: =INDEX(GH$14:GP$22,MATCH(IF(LEN(AA$14)>1,LEFT(AA$14,1)+RIGHT(AA$14,1),AA$14),GG$14:GG$22,0),MATCH(IF(LEN(AA19)>1,LEFT(AA19,1)+RIGHT(AA19,1),AA19),GH$13:GP$13,0)) -> A | AC19: =INDEX(GH$14:GP$22,MATCH(IF(LEN(AA$15)>1,LEFT(AA$15,1)+RIGHT(AA$15,1),AA$15),GG$14:GG$22,0),MATCH(IF(LEN(AA19)>1,LEFT(AA19,1)+RIGHT(AA19,1),AA19),GH$13:GP$13,0)) -> E | AE19: Karmic Number | GB19: 15 | GC19: G | GG19: 6 | GH19: F | GI19: G | GJ19: A | GK19: G | GL19: F | GM19: E | GN19: G | GO19: G | GP19: G | GR19: G | GS19: 3 | GU19: 6 | GV19: √ | GZ19: =COUNTIFS(C16:T16,GZ12) -> 0 | HA19: =COUNTIFS(C16:T16,HA12) -> 0 | HB19: =COUNTIFS(C16:T16,HB12) -> 0 | HC19: =COUNTIFS(C16:T16,HC12) -> 0 | HD19: =COUNTIFS(C16:T16,HD12) -> 0 | HG19: 43837 | HH19: =TEXT(HG19,"DD-MMM") -> 07-Jan | HI19: Capricorn | HJ19: Earth | HK19: =HI19&" - "&HJ19 -> Capricorn - Earth
J20: BD | K20: LP | L20: BD | M20: LP | U20: =U19+U17+U15 -> 50 | V20: =V15+V17+V19 -> 5 | W20: EXP | X20: =IF(U20>52,VLOOKUP(V20,GU:GV,2,0),VLOOKUP(U20,GU:GV,2,0)) -> * | AB20: Hidden Passion | AE20: FN | AF20: MN | AG20: LN | AH20: Core | AI20: N | AJ20: C | AK20: KLs | AL20: MKLs | AR20: Compatibility Table | GB20: 17 | GC20: G | GG20: 7 | GH20: G | GI20: VG | GJ20: G | GK20: A | GL20: G | GM20: G | GN20: E | GO20: A | GP20: A | GR20: H | GS20: 5 | GU20: 7 | GV20: X | HG20: 43838 | HH20: =TEXT(HG20,"DD-MMM") -> 08-Jan | HI20: Capricorn | HJ20: Earth | HK20: =HI20&" - "&HJ20 -> Capricorn - Earth
D21: FN | E21: EXP | G21: FN | H21: EXP | J21: =C6 -> 7 | K21: =C7 -> 8 | L21: =C6 -> 7 | M21: =C7 -> 8 | Y21: Balance | Z21: =C15+C19 -> 6 | AA21: =IF(LEN(Z21)>1,LEFT(Z21,1)+RIGHT(Z21,1),Z21) -> 6 | AB21: 1 | AC21: =COUNTIF(C$15:T$15,AB21)+COUNTIF(C$17:T$17,AB21)+COUNTIF(C$19:T$19,AB21) -> 5 | AE21: =IFERROR(HLOOKUP(AB21,C15:T15,1,0),0) -> 1 | AF21: =IFERROR(HLOOKUP(AB21,C17:T17,1,0),0) -> 0 | AG21: =IFERROR(HLOOKUP(AB21,C19:T19,1,0),0) -> 1 | AH21: =IFERROR(VLOOKUP(AB21,AI12:AI17,1,0),0) -> 0 | AI21: =IF(SUM(AE21:AG21)>=AB21,AB21,0) -> 1 | AJ21: =IF(AH21=AB21,AB21,0) -> 0 | AK21: =IF(SUM(AI21:AJ21)<=0,AB21,0) -> 0 | AL21: =IF(AI21=AB21,0,AJ21) -> 0 | AS21: 1 | AT21: 2 | AU21: 3 | AV21: 4 | AW21: 5 | AX21: 6 | AY21: 7 | AZ21: 8 | BA21: 9 | GB21: 19 | GC21: S | GG21: 8 | GH21: F | GI21: A | GJ21: G | GK21: A | GL21: VG | GM21: G | GN21: A | GO21: E | GP21: SA | GR21: I | GS21: 1 | GU21: 8 | GV21: X | GX21: LN Vowel | GY21: =(GZ21*GZ22)+(HA21*HA22)+(HB21*HB22)+(HC21*HC22)+(HD21*HD22) -> 9 | GZ21: =IFERROR((HLOOKUP(GZ12,C18:T19,2,0)),0) -> 1 | HA21: =IFERROR((HLOOKUP(HA12,C18:T19,2,0)),0) -> 0 | HB21: =IFERROR((HLOOKUP(HB12,C18:T19,2,0)),0) -> 1 | HC21: =IFERROR((HLOOKUP(HC12,C18:T19,2,0)),0) -> 0 | HD21: =IFERROR((HLOOKUP(HD12,C18:T19,2,0)),0) -> 6 | HG21: 43839 | HH21: =TEXT(HG21,"DD-MMM") -> 09-Jan | HI21: Capricorn | HJ21: Earth | HK21: =HI21&" - "&HJ21 -> Capricorn - Earth
D22: =U15 -> 30 | E22: =U20 -> 50 | J22: FN | L22: EXP | Y22: Maturity | Z22: =AA15+AA17 -> 13 | AA22: =IF(LEN(Z22)>1,LEFT(Z22,1)+RIGHT(Z22,1),Z22) -> 4 | AB22: 2 | AC22: =COUNTIF(C$15:T$15,AB22)+COUNTIF(C$17:T$17,AB22)+COUNTIF(C$19:T$19,AB22) -> 2 | AE22: =IFERROR(HLOOKUP(AB22,C15:T15,1,0),0) -> 0 | AF22: =IFERROR(HLOOKUP(AB22,C17:T17,1,0),0) -> 0 | AG22: =IFERROR(HLOOKUP(AB22,C19:T19,1,0),0) -> 2 | AH22: =IFERROR(VLOOKUP(AB22,AI12:AI17,1,0),0) -> 0 | AI22: =IF(SUM(AE22:AG22)>=AB22,AB22,0) -> 2 | AJ22: =IF(AH22=AB22,AB22,0) -> 0 | AK22: =IF(SUM(AI22:AJ22)<=0,AB22,0) -> 0 | AL22: =IF(AI22=AB22,0,AJ22) -> 0 | AR22: 1 | AS22: E | AT22: G | AU22: G | AV22: F | AW22: G | AX22: F | AY22: G | AZ22: F | BA22: A | GB22: 20 | GC22: G | GG22: 9 | GH22: A | GI22: A | GJ22: G | GK22: A | GL22: F | GM22: G | GN22: A | GO22: A | GP22: E | GR22: J | GS22: 1 | GU22: 9 | GV22: X | GZ22: =COUNTIFS(C18:T18,GZ12) -> 2 | HA22: =COUNTIFS(C18:T18,HA12) -> 0 | HB22: =COUNTIFS(C18:T18,HB12) -> 1 | HC22: =COUNTIFS(C18:T18,HC12) -> 0 | HD22: =COUNTIFS(C18:T18,HD12) -> 1 | HG22: 43840 | HH22: =TEXT(HG22,"DD-MMM") -> 10-Jan | HI22: Capricorn | HJ22: Earth | HK22: =HI22&" - "&HJ22 -> Capricorn - Earth
C23: 1 | D23: =IF(ISERROR(INDEX(GB:GB,MATCH(D22,$GB$1:$GB$100,1)+1,1)),"",INDEX(GB:GB,MATCH(D22,$GB$1:$GB$100,1)+1,1)) -> 32 | E23: =IF(ISERROR(INDEX(GB:GB,MATCH(E22,$GB$1:$GB$100,1)+1,1)),"",INDEX(GB:GB,MATCH(E22,$GB$1:$GB$100,1)+1,1)) -> 51 | G23: =MOD(D23-1,9)+1 -> 5 | H23: =MOD(E23-1,9)+1 -> 6 | J23: =INDEX($AR$21:$BA$32,MATCH($G23,$AR$21:$BA$21,0),MATCH($J$21,$AR$21:$AR$32,0)) -> G | K23: =INDEX($AR$21:$BA$32,MATCH($G23,$AR$21:$BA$21,0),MATCH($K$21,$AR$21:$AR$32,0)) -> VG | L23: =INDEX($AR$21:$BA$32,MATCH($H23,$AR$21:$BA$21,0),MATCH($L$21,$AR$21:$AR$32,0)) -> G | M23: =INDEX($AR$21:$BA$32,MATCH($H23,$AR$21:$BA$21,0),MATCH($M$21,$AR$21:$AR$32,0)) -> G | Y23: Attitude | Z23: =C5+F5 -> 12 | AA23: =IF(LEN(Z23)>1,LEFT(Z23,1)+RIGHT(Z23,1),Z23) -> 3 | AB23: 3 | AC23: =COUNTIF(C$15:T$15,AB23)+COUNTIF(C$17:T$17,AB23)+COUNTIF(C$19:T$19,AB23) -> 1 | AE23: =IFERROR(HLOOKUP(AB23,C15:T15,1,0),0) -> 0 | AF23: =IFERROR(HLOOKUP(AB23,C17:T17,1,0),0) -> 0 | AG23: =IFERROR(HLOOKUP(AB23,C19:T19,1,0),0) -> 3 | AH23: =IFERROR(VLOOKUP(AB23,AI12:AI17,1,0),0) -> 3 | AI23: =IF(SUM(AE23:AG23)>=AB23,AB23,0) -> 3 | AJ23: =IF(AH23=AB23,AB23,0) -> 3 | AK23: =IF(SUM(AI23:AJ23)<=0,AB23,0) -> 0 | AL23: =IF(AI23=AB23,0,AJ23) -> 0 | AR23: 2 | AS23: G | AT23: E | AU23: G | AV23: G | AW23: F | AX23: G | AY23: VG | AZ23: A | BA23: A | GB23: 21 | GC23: S | GR23: K | GS23: 2 | GU23: 10 | GV23: √ | HG23: 43841 | HH23: =TEXT(HG23,"DD-MMM") -> 11-Jan | HI23: Capricorn | HJ23: Earth | HK23: =HI23&" - "&HJ23 -> Capricorn - Earth
C24: 2 | D24: =IF(ISERROR(INDEX(GB:GB,MATCH(D23,$GB$1:$GB$33,1)+1,1)),"",INDEX(GB:GB,MATCH(D23,$GB$1:$GB$33,1)+1,1)) -> 33 | E24: =IF(ISERROR(INDEX(GB:GB,MATCH(E23,$GB$1:$GB$100,1)+1,1)),"",INDEX(GB:GB,MATCH(E23,$GB$1:$GB$100,1)+1,1)) -> 52 | G24: =MOD(D24-1,9)+1 -> 6 | H24: =MOD(E24-1,9)+1 -> 7 | J24: =INDEX($AR$21:$BA$32,MATCH($G24,$AR$21:$BA$21,0),MATCH($J$21,$AR$21:$AR$32,0)) -> G | K24: =INDEX($AR$21:$BA$32,MATCH($G24,$AR$21:$BA$21,0),MATCH($K$21,$AR$21:$AR$32,0)) -> G | L24: =INDEX($AR$21:$BA$32,MATCH($H24,$AR$21:$BA$21,0),MATCH($L$21,$AR$21:$AR$32,0)) -> E | M24: =INDEX($AR$21:$BA$32,MATCH($H24,$AR$21:$BA$21,0),MATCH($M$21,$AR$21:$AR$32,0)) -> A | AB24: 4 | AC24: =COUNTIF(C$15:T$15,AB24)+COUNTIF(C$17:T$17,AB24)+COUNTIF(C$19:T$19,AB24) -> 2 | AE24: =IFERROR(HLOOKUP(AB24,C15:T15,1,0),0) -> 4 | AF24: =IFERROR(HLOOKUP(AB24,C17:T17,1,0),0) -> 0 | AG24: =IFERROR(HLOOKUP(AB24,C19:T19,1,0),0) -> 4 | AH24: =IFERROR(VLOOKUP(AB24,AI12:AI17,1,0),0) -> 0 | AI24: =IF(SUM(AE24:AG24)>=AB24,AB24,0) -> 4 | AJ24: =IF(AH24=AB24,AB24,0) -> 0 | AK24: =IF(SUM(AI24:AJ24)<=0,AB24,0) -> 0 | AL24: =IF(AI24=AB24,0,AJ24) -> 0 | AR24: 3 | AS24: G | AT24: G | AU24: E | AV24: A | AW24: G | AX24: A | AY24: G | AZ24: G | BA24: G | GB24: 23 | GC24: S | GH24: A | GI24: B | GJ24: C | GK24: D | GL24: E | GM24: U | GN24: O | GO24: F | GR24: L | GS24: 3 | GU24: 11 | GV24: X | HG24: 43842 | HH24: =TEXT(HG24,"DD-MMM") -> 12-Jan | HI24: Capricorn | HJ24: Earth | HK24: =HI24&" - "&HJ24 -> Capricorn - Earth
C25: 3 | D25: =IF(ISERROR(INDEX(GB:GB,MATCH(D24,$GB$1:$GB$33,1)+1,1)),"",INDEX(GB:GB,MATCH(D24,$GB$1:$GB$33,1)+1,1)) -> 34 | E25: =IF(ISERROR(INDEX(GB:GB,MATCH(E24,$GB$1:$GB$100,1)+1,1)),"",INDEX(GB:GB,MATCH(E24,$GB$1:$GB$100,1)+1,1)) -> 55 | G25: =MOD(D25-1,9)+1 -> 7 | H25: =MOD(E25-1,9)+1 -> 1 | J25: =INDEX($AR$21:$BA$32,MATCH($G25,$AR$21:$BA$21,0),MATCH($J$21,$AR$21:$AR$32,0)) -> E | K25: =INDEX($AR$21:$BA$32,MATCH($G25,$AR$21:$BA$21,0),MATCH($K$21,$AR$21:$AR$32,0)) -> A | L25: =INDEX($AR$21:$BA$32,MATCH($H25,$AR$21:$BA$21,0),MATCH($L$21,$AR$21:$AR$32,0)) -> G | M25: =INDEX($AR$21:$BA$32,MATCH($H25,$AR$21:$BA$21,0),MATCH($M$21,$AR$21:$AR$32,0)) -> F | AB25: 5 | AC25: =COUNTIF(C$15:T$15,AB25)+COUNTIF(C$17:T$17,AB25)+COUNTIF(C$19:T$19,AB25) -> 2 | AE25: =IFERROR(HLOOKUP(AB25,C15:T15,1,0),0) -> 5 | AF25: =IFERROR(HLOOKUP(AB25,C17:T17,1,0),0) -> 0 | AG25: =IFERROR(HLOOKUP(AB25,C19:T19,1,0),0) -> 0 | AH25: =IFERROR(VLOOKUP(AB25,AI12:AI17,1,0),0) -> 5 | AI25: =IF(SUM(AE25:AG25)>=AB25,AB25,0) -> 5 | AJ25: =IF(AH25=AB25,AB25,0) -> 5 | AK25: =IF(SUM(AI25:AJ25)<=0,AB25,0) -> 0 | AL25: =IF(AI25=AB25,0,AJ25) -> 0 | AR25: 4 | AS25: F | AT25: G | AU25: A | AV25: E | AW25: G | AX25: G | AY25: G | AZ25: A | BA25: SA | GB25: 24 | GC25: S | GH25: I | GI25: K | GJ25: G | GK25: M | GL25: H | GM25: V | GN25: Z | GO25: P | GR25: M | GS25: 4 | GU25: 12 | GV25: √ | HG25: 43843 | HH25: =TEXT(HG25,"DD-MMM") -> 13-Jan | HI25: Capricorn | HJ25: Earth | HK25: =HI25&" - "&HJ25 -> Capricorn - Earth
C26: 4 | D26: =IF(ISERROR(INDEX(GB:GB,MATCH(D25,$GB$1:$GB$33,1)+1,1)),"",INDEX(GB:GB,MATCH(D25,$GB$1:$GB$33,1)+1,1)) -> 36 | E26: =IF(ISERROR(INDEX(GB:GB,MATCH(E25,$GB$1:$GB$100,1)+1,1)),"",INDEX(GB:GB,MATCH(E25,$GB$1:$GB$100,1)+1,1)) -> 57 | G26: =MOD(D26-1,9)+1 -> 9 | H26: =MOD(E26-1,9)+1 -> 3 | J26: =INDEX($AR$21:$BA$32,MATCH($G26,$AR$21:$BA$21,0),MATCH($J$21,$AR$21:$AR$32,0)) -> A | K26: =INDEX($AR$21:$BA$32,MATCH($G26,$AR$21:$BA$21,0),MATCH($K$21,$AR$21:$AR$32,0)) -> SA | L26: =INDEX($AR$21:$BA$32,MATCH($H26,$AR$21:$BA$21,0),MATCH($L$21,$AR$21:$AR$32,0)) -> G | M26: =INDEX($AR$21:$BA$32,MATCH($H26,$AR$21:$BA$21,0),MATCH($M$21,$AR$21:$AR$32,0)) -> G | AB26: 6 | AC26: =COUNTIF(C$15:T$15,AB26)+COUNTIF(C$17:T$17,AB26)+COUNTIF(C$19:T$19,AB26) -> 1 | AE26: =IFERROR(HLOOKUP(AB26,C15:T15,1,0),0) -> 0 | AF26: =IFERROR(HLOOKUP(AB26,C17:T17,1,0),0) -> 0 | AG26: =IFERROR(HLOOKUP(AB26,C19:T19,1,0),0) -> 6 | AH26: =IFERROR(VLOOKUP(AB26,AI12:AI17,1,0),0) -> 6 | AI26: =IF(SUM(AE26:AG26)>=AB26,AB26,0) -> 6 | AJ26: =IF(AH26=AB26,AB26,0) -> 6 | AK26: =IF(SUM(AI26:AJ26)<=0,AB26,0) -> 0 | AL26: =IF(AI26=AB26,0,AJ26) -> 0 | AR26: 5 | AS26: G | AT26: F | AU26: G | AV26: G | AW26: E | AX26: F | AY26: G | AZ26: VG | BA26: F | GB26: 25 | GC26: G | GH26: J | GI26: R | GJ26: L | GK26: T | GL26: N | GM26: W | GR26: N | GS26: 5 | GU26: 13 | GV26: √ | HG26: 43844 | HH26: =TEXT(HG26,"DD-MMM") -> 14-Jan | HI26: Capricorn | HJ26: Earth | HK26: =HI26&" - "&HJ26 -> Capricorn - Earth
C27: 5 | D27: =IF(ISERROR(INDEX(GB:GB,MATCH(D26,$GB$1:$GB$33,1)+1,1)),"",INDEX(GB:GB,MATCH(D26,$GB$1:$GB$33,1)+1,1)) -> 37 | E27: =IF(ISERROR(INDEX(GB:GB,MATCH(E26,$GB$1:$GB$100,1)+1,1)),"",INDEX(GB:GB,MATCH(E26,$GB$1:$GB$100,1)+1,1)) -> 59 | G27: =MOD(D27-1,9)+1 -> 1 | H27: =MOD(E27-1,9)+1 -> 5 | J27: =INDEX($AR$21:$BA$32,MATCH($G27,$AR$21:$BA$21,0),MATCH($J$21,$AR$21:$AR$32,0)) -> G | K27: =INDEX($AR$21:$BA$32,MATCH($G27,$AR$21:$BA$21,0),MATCH($K$21,$AR$21:$AR$32,0)) -> F | L27: =INDEX($AR$21:$BA$32,MATCH($H27,$AR$21:$BA$21,0),MATCH($L$21,$AR$21:$AR$32,0)) -> G | M27: =INDEX($AR$21:$BA$32,MATCH($H27,$AR$21:$BA$21,0),MATCH($M$21,$AR$21:$AR$32,0)) -> VG | AB27: 7 | AC27: =COUNTIF(C$15:T$15,AB27)+COUNTIF(C$17:T$17,AB27)+COUNTIF(C$19:T$19,AB27) -> 2 | AE27: =IFERROR(HLOOKUP(AB27,C15:T15,1,0),0) -> 7 | AF27: =IFERROR(HLOOKUP(AB27,C17:T17,1,0),0) -> 0 | AG27: =IFERROR(HLOOKUP(AB27,C19:T19,1,0),0) -> 0 | AH27: =IFERROR(VLOOKUP(AB27,AI12:AI17,1,0),0) -> 7 | AI27: =IF(SUM(AE27:AG27)>=AB27,AB27,0) -> 7 | AJ27: =IF(AH27=AB27,AB27,0) -> 7 | AK27: =IF(SUM(AI27:AJ27)<=0,AB27,0) -> 0 | AL27: =IF(AI27=AB27,0,AJ27) -> 0 | AR27: 6 | AS27: F | AT27: G | AU27: A | AV27: G | AW27: F | AX27: E | AY27: G | AZ27: G | BA27: G | BF27: BD | BG27: LP | GB27: 27 | GC27: G | GH27: Q | GJ27: S | GL27: X | GR27: O | GS27: 7 | GU27: 14 | GV27: √ | HG27: 43845 | HH27: =TEXT(HG27,"DD-MMM") -> 15-Jan | HI27: Capricorn | HJ27: Earth | HK27: =HI27&" - "&HJ27 -> Capricorn - Earth
C28: 6 | D28: =IF(ISERROR(INDEX(GB:GB,MATCH(D27,$GB$1:$GB$33,1)+1,1)),"",INDEX(GB:GB,MATCH(D27,$GB$1:$GB$33,1)+1,1)) -> 38 | E28: =IF(ISERROR(INDEX(GB:GB,MATCH(E27,$GB$1:$GB$100,1)+1,1)),"",INDEX(GB:GB,MATCH(E27,$GB$1:$GB$100,1)+1,1)) -> 60 | G28: =MOD(D28-1,9)+1 -> 2 | H28: =MOD(E28-1,9)+1 -> 6 | J28: =INDEX($AR$21:$BA$32,MATCH($G28,$AR$21:$BA$21,0),MATCH($J$21,$AR$21:$AR$32,0)) -> VG | K28: =INDEX($AR$21:$BA$32,MATCH($G28,$AR$21:$BA$21,0),MATCH($K$21,$AR$21:$AR$32,0)) -> A | L28: =INDEX($AR$21:$BA$32,MATCH($H28,$AR$21:$BA$21,0),MATCH($L$21,$AR$21:$AR$32,0)) -> G | M28: =INDEX($AR$21:$BA$32,MATCH($H28,$AR$21:$BA$21,0),MATCH($M$21,$AR$21:$AR$32,0)) -> G | AB28: 8 | AC28: =COUNTIF(C$15:T$15,AB28)+COUNTIF(C$17:T$17,AB28)+COUNTIF(C$19:T$19,AB28) -> 0 | AE28: =IFERROR(HLOOKUP(AB28,C15:T15,1,0),0) -> 0 | AF28: =IFERROR(HLOOKUP(AB28,C17:T17,1,0),0) -> 0 | AG28: =IFERROR(HLOOKUP(AB28,C19:T19,1,0),0) -> 0 | AH28: =IFERROR(VLOOKUP(AB28,AI12:AI17,1,0),0) -> 8 | AI28: =IF(SUM(AE28:AG28)>=AB28,AB28,0) -> 0 | AJ28: =IF(AH28=AB28,AB28,0) -> 8 | AK28: =IF(SUM(AI28:AJ28)<=0,AB28,0) -> 0 | AL28: =IF(AI28=AB28,0,AJ28) -> 8 | AR28: 7 | AS28: G | AT28: VG | AU28: G | AV28: G | AW28: G | AX28: G | AY28: E | AZ28: A | BA28: A | BF28: =AA14 -> 7 | BG28: =AA15 -> 8 | GB28: 30 | GC28: S | GH28: Y | GR28: P | GS28: 8 | GU28: 15 | GV28: √ | HG28: 43846 | HH28: =TEXT(HG28,"DD-MMM") -> 16-Jan | HI28: Capricorn | HJ28: Earth | HK28: =HI28&" - "&HJ28 -> Capricorn - Earth
C29: 7 | D29: =IF(ISERROR(INDEX(GB:GB,MATCH(D28,$GB$1:$GB$33,1)+1,1)),"",INDEX(GB:GB,MATCH(D28,$GB$1:$GB$33,1)+1,1)) -> 38 | E29: =IF(ISERROR(INDEX(GB:GB,MATCH(E28,$GB$1:$GB$100,1)+1,1)),"",INDEX(GB:GB,MATCH(E28,$GB$1:$GB$100,1)+1,1)) -> 64 | G29: =MOD(D29-1,9)+1 -> 2 | H29: =MOD(E29-1,9)+1 -> 1 | J29: =INDEX($AR$21:$BA$32,MATCH($G29,$AR$21:$BA$21,0),MATCH($J$21,$AR$21:$AR$32,0)) -> VG | K29: =INDEX($AR$21:$BA$32,MATCH($G29,$AR$21:$BA$21,0),MATCH($K$21,$AR$21:$AR$32,0)) -> A | L29: =INDEX($AR$21:$BA$32,MATCH($H29,$AR$21:$BA$21,0),MATCH($L$21,$AR$21:$AR$32,0)) -> G | M29: =INDEX($AR$21:$BA$32,MATCH($H29,$AR$21:$BA$21,0),MATCH($M$21,$AR$21:$AR$32,0)) -> F | AB29: 9 | AE29: =IFERROR(HLOOKUP(AB29,C15:T15,1,0),0) -> 0 | AF29: =IFERROR(HLOOKUP(AB29,C17:T17,1,0),0) -> 0 | AG29: =IFERROR(HLOOKUP(AB29,C19:T19,1,0),0) -> 0 | AH29: =IFERROR(VLOOKUP(AB29,AI12:AI17,1,0),0) -> 0 | AI29: =IF(SUM(AE29:AG29)>=AB29,AB29,0) -> 0 | AJ29: =IF(AH29=AB29,AB29,0) -> 0 | AK29: =IF(SUM(AI29:AJ29)<=0,AB29,0) -> 9 | AL29: =IF(AI29=AB29,0,AJ29) -> 0 | AR29: 8 | AS29: F | AT29: A | AU29: G | AV29: A | AW29: VG | AX29: G | AY29: A | AZ29: E | BA29: SA | BE29: 1 | BF29: =INDEX($AR$21:$BA$32,MATCH($BE29,$AR$21:$BA$21,0),MATCH($BF$28,$AR$21:$AR$32,0)) -> G | BG29: =INDEX($AR$21:$BA$32,MATCH($BE29,$AR$21:$BA$21,0),MATCH($BG$28,$AR$21:$AR$32,0)) -> F | BI29: 1 | BJ29: 10 | BK29: 19 | BL29: 28 | BM29: 37 | BN29: 46 | BP29: 1 | BQ29: A | BR29: I | BS29: J | BT29: Q | BU29: Y | GB29: 32 | GC29: G | GR29: Q | GS29: 1 | GU29: 16 | GV29: X | GY29: Vowels | GZ29: a | HA29: e | HB29: i | HC29: o | HD29: u | HG29: 43847 | HH29: =TEXT(HG29,"DD-MMM") -> 17-Jan | HI29: Capricorn | HJ29: Earth | HK29: =HI29&" - "&HJ29 -> Capricorn - Earth
C30: 8 | D30: =IF(ISERROR(INDEX(GB:GB,MATCH(D29,$GB$1:$GB$33,1)+1,1)),"",INDEX(GB:GB,MATCH(D29,$GB$1:$GB$33,1)+1,1)) -> 38 | E30: =IF(ISERROR(INDEX(GB:GB,MATCH(E29,$GB$1:$GB$100,1)+1,1)),"",INDEX(GB:GB,MATCH(E29,$GB$1:$GB$100,1)+1,1)) -> 66 | G30: =MOD(D30-1,9)+1 -> 2 | H30: =MOD(E30-1,9)+1 -> 3 | J30: =INDEX($AR$21:$BA$32,MATCH($G30,$AR$21:$BA$21,0),MATCH($J$21,$AR$21:$AR$32,0)) -> VG | K30: =INDEX($AR$21:$BA$32,MATCH($G30,$AR$21:$BA$21,0),MATCH($K$21,$AR$21:$AR$32,0)) -> A | L30: =INDEX($AR$21:$BA$32,MATCH($H30,$AR$21:$BA$21,0),MATCH($L$21,$AR$21:$AR$32,0)) -> G | M30: =INDEX($AR$21:$BA$32,MATCH($H30,$AR$21:$BA$21,0),MATCH($M$21,$AR$21:$AR$32,0)) -> G | AR30: 9 | AS30: A | AT30: A | AU30: G | AV30: SA | AW30: F | AX30: G | AY30: A | AZ30: SA | BA30: E | BE30: 2 | BF30: =INDEX($AR$21:$BA$32,MATCH($BE30,$AR$21:$BA$21,0),MATCH($BF$28,$AR$21:$AR$32,0)) -> VG | BG30: =INDEX($AR$21:$BA$32,MATCH($BE30,$AR$21:$BA$21,0),MATCH($BG$28,$AR$21:$AR$32,0)) -> A | BI30: 2 | BJ30: 11 | BK30: 20 | BL30: 29 | BM30: 38 | BN30: 47 | BP30: 2 | BQ30: B | BR30: K | BS30: R | GB30: 33 | GC30: G | GR30: R | GS30: 2 | GU30: 17 | GV30: √ | GY30: Vowels | GZ30: a | HA30: e | HB30: i | HC30: o | HD30: u | HG30: 43848 | HH30: =TEXT(HG30,"DD-MMM") -> 18-Jan | HI30: Capricorn | HJ30: Earth | HK30: =HI30&" - "&HJ30 -> Capricorn - Earth
C31: 9 | D31: =IF(ISERROR(INDEX(GB:GB,MATCH(D30,$GB$1:$GB$33,1)+1,1)),"",INDEX(GB:GB,MATCH(D30,$GB$1:$GB$33,1)+1,1)) -> 38 | E31: =IF(ISERROR(INDEX(GB:GB,MATCH(E30,$GB$1:$GB$100,1)+1,1)),"",INDEX(GB:GB,MATCH(E30,$GB$1:$GB$100,1)+1,1)) -> 68 | G31: =MOD(D31-1,9)+1 -> 2 | H31: =MOD(E31-1,9)+1 -> 5 | J31: =INDEX($AR$21:$BA$32,MATCH($G31,$AR$21:$BA$21,0),MATCH($J$21,$AR$21:$AR$32,0)) -> VG | K31: =INDEX($AR$21:$BA$32,MATCH($G31,$AR$21:$BA$21,0),MATCH($K$21,$AR$21:$AR$32,0)) -> A | L31: =INDEX($AR$21:$BA$32,MATCH($H31,$AR$21:$BA$21,0),MATCH($L$21,$AR$21:$AR$32,0)) -> G | M31: =INDEX($AR$21:$BA$32,MATCH($H31,$AR$21:$BA$21,0),MATCH($M$21,$AR$21:$AR$32,0)) -> VG | BE31: 3 | BF31: =INDEX($AR$21:$BA$32,MATCH($BE31,$AR$21:$BA$21,0),MATCH($BF$28,$AR$21:$AR$32,0)) -> G | BG31: =INDEX($AR$21:$BA$32,MATCH($BE31,$AR$21:$BA$21,0),MATCH($BG$28,$AR$21:$AR$32,0)) -> G | BI31: 3 | BJ31: 12 | BK31: 21 | BL31: 30 | BM31: 39 | BN31: 48 | BP31: 3 | BQ31: C | BR31: G | BS31: L | BT31: S | GB31: 34 | GC31: S | GR31: S | GS31: 3 | GU31: 18 | GV31: X | GZ31: 1 | HA31: 5 | HB31: 1 | HC31: 7 | HD31: 6 | HG31: 43849 | HH31: =TEXT(HG31,"DD-MMM") -> 19-Jan | HI31: Capricorn | HJ31: Earth | HK31: =HI31&" - "&HJ31 -> Capricorn - Earth
C32: 10 | D32: =IF(ISERROR(INDEX(GB:GB,MATCH(D31,$GB$1:$GB$33,1)+1,1)),"",INDEX(GB:GB,MATCH(D31,$GB$1:$GB$33,1)+1,1)) -> 38 | E32: =IF(ISERROR(INDEX(GB:GB,MATCH(E31,$GB$1:$GB$100,1)+1,1)),"",INDEX(GB:GB,MATCH(E31,$GB$1:$GB$100,1)+1,1)) -> 69 | G32: =MOD(D32-1,9)+1 -> 2 | H32: =MOD(E32-1,9)+1 -> 6 | J32: =INDEX($AR$21:$BA$32,MATCH($G32,$AR$21:$BA$21,0),MATCH($J$21,$AR$21:$AR$32,0)) -> VG | K32: =INDEX($AR$21:$BA$32,MATCH($G32,$AR$21:$BA$21,0),MATCH($K$21,$AR$21:$AR$32,0)) -> A | L32: =INDEX($AR$21:$BA$32,MATCH($H32,$AR$21:$BA$21,0),MATCH($L$21,$AR$21:$AR$32,0)) -> G | M32: =INDEX($AR$21:$BA$32,MATCH($H32,$AR$21:$BA$21,0),MATCH($M$21,$AR$21:$AR$32,0)) -> G | BE32: 4 | BF32: =INDEX($AR$21:$BA$32,MATCH($BE32,$AR$21:$BA$21,0),MATCH($BF$28,$AR$21:$AR$32,0)) -> G | BG32: =INDEX($AR$21:$BA$32,MATCH($BE32,$AR$21:$BA$21,0),MATCH($BG$28,$AR$21:$AR$32,0)) -> A | BI32: 4 | BJ32: 13 | BK32: 22 | BL32: 31 | BM32: 40 | BN32: 49 | BP32: 4 | BQ32: D | BR32: M | BS32: T | GB32: 36 | GC32: G | GR32: T | GS32: 4 | GU32: 19 | GV32: * | HG32: 43850 | HH32: =TEXT(HG32,"DD-MMM") -> 20-Jan | HI32: Aquarius | HJ32: Air | HK32: =HI32&" - "&HJ32 -> Aquarius - Air
AB33: New Aspects / Compatibility | AI33: =IF(LEN(AA35)>1,LEFT(AA35,1)+RIGHT(AA35,1),AA35) -> 7 | BE33: 5 | BF33: =INDEX($AR$21:$BA$32,MATCH($BE33,$AR$21:$BA$21,0),MATCH($BF$28,$AR$21:$AR$32,0)) -> G | BG33: =INDEX($AR$21:$BA$32,MATCH($BE33,$AR$21:$BA$21,0),MATCH($BG$28,$AR$21:$AR$32,0)) -> VG | BI33: 5 | BJ33: 14 | BK33: 23 | BL33: 32 | BM33: 41 | BN33: 50 | BP33: 5 | BQ33: E | BR33: H | BS33: N | BT33: X | GB33: 37 | GC33: G | GR33: U | GS33: 6 | GU33: 20 | GV33: √ | GX33: FN Vowel | GY33: =(GZ33*GZ34)+(HA33*HA34)+(HB33*HB34)+(HC33*HC34)+(HD33*HD34) -> 2 | GZ33: =IFERROR((HLOOKUP(GZ30,C35:T36,2,0)),0) -> 0 | HA33: =IFERROR((HLOOKUP(HA30,C35:T36,2,0)),0) -> 0 | HB33: =IFERROR((HLOOKUP(HB30,C35:T36,2,0)),0) -> 1 | HC33: =IFERROR((HLOOKUP(HC30,C35:T36,2,0)),0) -> 0 | HD33: =IFERROR((HLOOKUP(HD30,C35:T36,2,0)),0) -> 0 | HG33: 43851 | HH33: =TEXT(HG33,"DD-MMM") -> 21-Jan | HI33: Aquarius | HJ33: Air | HK33: =HI33&" - "&HJ33 -> Aquarius - Air
A34: Corrected Name | Y34: New Core | AB34: With BD | AC34: With LP | AI34: =IF(LEN(AA36)>1,LEFT(AA36,1)+RIGHT(AA36,1),AA36) -> 8 | BE34: 6 | BF34: =INDEX($AR$21:$BA$32,MATCH($BE34,$AR$21:$BA$21,0),MATCH($BF$28,$AR$21:$AR$32,0)) -> G | BG34: =INDEX($AR$21:$BA$32,MATCH($BE34,$AR$21:$BA$21,0),MATCH($BG$28,$AR$21:$AR$32,0)) -> G | BI34: 6 | BJ34: 15 | BK34: 24 | BL34: 33 | BM34: 42 | BN34: 51 | BP34: 6 | BQ34: U | BR34: V | BS34: W | GB34: 38 | GC34: S | GR34: V | GS34: 6 | GU34: 21 | GV34: * | GZ34: =COUNTIFS(C35:T35,GZ30) -> 0 | HA34: =COUNTIFS(C35:T35,HA30) -> 0 | HB34: =COUNTIFS(C35:T35,HB30) -> 2 | HC34: =COUNTIFS(C35:T35,HC30) -> 0 | HD34: =COUNTIFS(C35:T35,HD30) -> 0 | HG34: 43852 | HH34: =TEXT(HG34,"DD-MMM") -> 22-Jan | HI34: Aquarius | HJ34: Air | HK34: =HI34&" - "&HJ34 -> Aquarius - Air
A35: First Name | B35: Kriishh | C35: =MID($B35,COLUMNS($B$13:B$13),1) -> K | D35: =MID($B35,COLUMNS($B$13:C$13),1) -> r | E35: =MID($B35,COLUMNS($B$13:D$13),1) -> i | F35: =MID($B35,COLUMNS($B$13:E$13),1) -> i | G35: =MID($B35,COLUMNS($B$13:F$13),1) -> s | H35: =MID($B35,COLUMNS($B$13:G$13),1) -> h | I35: =MID($B35,COLUMNS($B$13:H$13),1) -> h | J35: =MID($B35,COLUMNS($B$13:I$13),1) | ... T35: =MID($B35,COLUMNS($B$13:S$13),1) | Y35: BD | Z35: =C$5 -> 7 | AA35: =C6 -> 7 | AB35: =IF(D10<=35,"Active",0) -> 0 | AC35: =IF(D10>35,"Active",0) -> Active | AI35: =IF(LEN(AA37)>1,LEFT(AA37,1)+RIGHT(AA37,1),AA37) -> 1 | AS35: Number Series | BE35: 7 | BF35: =INDEX($AR$21:$BA$32,MATCH($BE35,$AR$21:$BA$21,0),MATCH($BF$28,$AR$21:$AR$32,0)) -> E | BG35: =INDEX($AR$21:$BA$32,MATCH($BE35,$AR$21:$BA$21,0),MATCH($BG$28,$AR$21:$AR$32,0)) -> A | BI35: 7 | BJ35: 16 | BK35: 25 | BL35: 34 | BM35: 43 | BN35: 52 | BP35: 7 | BQ35: O | BR35: Z | GB35: 39 | GC35: S | GR35: W | GS35: 6 | GU35: 22 | GV35: X | HG35: 43853 | HH35: =TEXT(HG35,"DD-MMM") -> 23-Jan | HI35: Aquarius | HJ35: Air | HK35: =HI35&" - "&HJ35 -> Aquarius - Air
C36: =IFERROR(VLOOKUP(C35,GR:GS,2,0),0) -> 2 | D36: =IFERROR(VLOOKUP(D35,GR:GS,2,0),0) -> 2 | E36: =IFERROR(VLOOKUP(E35,GR:GS,2,0),0) -> 1 | F36: =IFERROR(VLOOKUP(F35,GR:GS,2,0),0) -> 1 | G36: =IFERROR(VLOOKUP(G35,GR:GS,2,0),0) -> 3 | H36: =IFERROR(VLOOKUP(H35,GR:GS,2,0),0) -> 5 | I36: =IFERROR(VLOOKUP(I35,GR:GS,2,0),0) -> 5 | J36: =IFERROR(VLOOKUP(J35,GR:GS,2,0),0) -> 0 | ... T36: =IFERROR(VLOOKUP(T35,GR:GS,2,0),0) -> 0 | U36: =SUM(C36:T36) -> 19 | V36: =IF(U36<10,U36,((LEFT(U36,1))+(RIGHT(U36,1)))) -> 10 | W36: FN | X36: =IF(U36>52,VLOOKUP(V36,GU:GV,2,0),VLOOKUP(U36,GU:GV,2,0)) -> * | Y36: LP | Z36: =I$5+F$5+C$5 -> 17 | AA36: =C7 -> 8 | AI36: =IF(LEN(AA38)>1,LEFT(AA38,1)+RIGHT(AA38,1),AA38) -> 6 | AS36: 1 | AT36: 2 | AU36: 3 | AV36: 4 | AW36: 5 | AX36: 6 | AY36: 7 | AZ36: 8 | BA36: 9 | BE36: 8 | BF36: =INDEX($AR$21:$BA$32,MATCH($BE36,$AR$21:$BA$21,0),MATCH($BF$28,$AR$21:$AR$32,0)) -> A | BG36: =INDEX($AR$21:$BA$32,MATCH($BE36,$AR$21:$BA$21,0),MATCH($BG$28,$AR$21:$AR$32,0)) -> E | BI36: 8 | BJ36: 17 | BK36: 26 | BL36: 35 | BM36: 44 | BP36: 8 | BQ36: F | BR36: P | GB36: 41 | GC36: G | GR36: X | GS36: 5 | GU36: 23 | GV36: * | GX36: MN Vovel | GY36: =(GZ36*GZ37)+(HA36*HA37)+(HB36*HB37)+(HC36*HC37)+(HD36*HD37) -> 0 | GZ36: =IFERROR((HLOOKUP(GZ30,C37:T38,2,0)),0) -> 0 | HA36: =IFERROR((HLOOKUP(HA30,C37:T38,2,0)),0) -> 0 | HB36: =IFERROR((HLOOKUP(HB30,C37:T38,2,0)),0) -> 0 | HC36: =IFERROR((HLOOKUP(HC30,C37:T38,2,0)),0) -> 0 | HD36: =IFERROR((HLOOKUP(HD30,C37:T38,2,0)),0) -> 0 | HG36: 43854 | HH36: =TEXT(HG36,"DD-MMM") -> 24-Jan | HI36: Aquarius | HJ36: Air | HK36: =HI36&" - "&HJ36 -> Aquarius - Air
A37: Middle Name | B37: C | C37: =MID($B37,COLUMNS($B$13:B$13),1) -> C | D37: =MID($B37,COLUMNS($B$13:C$13),1) | E37: =MID($B37,COLUMNS($B$13:D$13),1) | F37: =MID($B37,COLUMNS($B$13:E$13),1) | G37: =MID($B37,COLUMNS($B$13:F$13),1) | H37: =MID($B37,COLUMNS($B$13:G$13),1) | I37: =MID($B37,COLUMNS($B$13:H$13),1) | J37: =MID($B37,COLUMNS($B$13:I$13),1) | ... T37: =MID($B37,COLUMNS($B$13:S$13),1) | Y37: FN | Z37: =U36 -> 19 | AA37: =MOD(Z37-1,9)+1 -> 1 | AB37: =INDEX(GH$14:GP$22,MATCH(IF(LEN(AA$35)>1,LEFT(AA$35,1)+RIGHT(AA$35,1),AA$35),GG$14:GG$22,0),MATCH(IF(LEN(AA37)>1,LEFT(AA37,1)+RIGHT(AA37,1),AA37),GH$13:GP$13,0)) -> G | AC37: =INDEX(GH$14:GP$22,MATCH(IF(LEN(AA$36)>1,LEFT(AA$36,1)+RIGHT(AA$36,1),AA$36),GG$14:GG$22,0),MATCH(IF(LEN(AA37)>1,LEFT(AA37,1)+RIGHT(AA37,1),AA37),GH$13:GP$13,0)) -> F | AI37: =IF(LEN(AA39)>1,LEFT(AA39,1)+RIGHT(AA39,1),AA39) -> 8 | AS37: 1 | AT37: 2 | AU37: 3 | AV37: 4 | AW37: 5 | AX37: 6 | AY37: 7 | AZ37: 8 | BA37: 9 | BE37: 9 | BF37: =INDEX($AR$21:$BA$32,MATCH($BE37,$AR$21:$BA$21,0),MATCH($BF$28,$AR$21:$AR$32,0)) -> A | BG37: =INDEX($AR$21:$BA$32,MATCH($BE37,$AR$21:$BA$21,0),MATCH($BG$28,$AR$21:$AR$32,0)) -> SA | BI37: 9 | BJ37: 18 | BK37: 27 | BL37: 36 | BM37: 45 | GB37: 42 | GC37: G | GR37: Y | GS37: 1 | GU37: 24 | GV37: * | GZ37: =COUNTIFS(C37:T37,GZ30) -> 0 | HA37: =COUNTIFS(C37:T37,HA30) -> 0 | HB37: =COUNTIFS(C37:T37,HB30) -> 0 | HC37: =COUNTIFS(C37:T37,HC30) -> 0 | HD37: =COUNTIFS(C37:T37,HD30) -> 0 | HG37: 43855 | HH37: =TEXT(HG37,"DD-MMM") -> 25-Jan | HI37: Aquarius | HJ37: Air | HK37: =HI37&" - "&HJ37 -> Aquarius - Air
C38: =IFERROR(VLOOKUP(C37,GR:GS,2,0),0) -> 3 | D38: =IFERROR(VLOOKUP(D37,GR:GS,2,0),0) -> 0 | E38: =IFERROR(VLOOKUP(E37,GR:GS,2,0),0) -> 0 | F38: =IFERROR(VLOOKUP(F37,GR:GS,2,0),0) -> 0 | G38: =IFERROR(VLOOKUP(G37,GR:GS,2,0),0) -> 0 | H38: =IFERROR(VLOOKUP(H37,GR:GS,2,0),0) -> 0 | I38: =IFERROR(VLOOKUP(I37,GR:GS,2,0),0) -> 0 | J38: =IFERROR(VLOOKUP(J37,GR:GS,2,0),0) -> 0 | ... T38: =IFERROR(VLOOKUP(T37,GR:GS,2,0),0) -> 0 | U38: =SUM(C38:T38) -> 3 | V38: =IF(U38<10,U38,((LEFT(U38,1))+(RIGHT(U38,1)))) -> 3 | Y38: EXP | Z38: =U41 -> 42 | AA38: =MOD(Z38-1,9)+1 -> 6 | AB38: =INDEX(GH$14:GP$22,MATCH(IF(LEN(AA$35)>1,LEFT(AA$35,1)+RIGHT(AA$35,1),AA$35),GG$14:GG$22,0),MATCH(IF(LEN(AA38)>1,LEFT(AA38,1)+RIGHT(AA38,1),AA38),GH$13:GP$13,0)) -> G | AC38: =INDEX(GH$14:GP$22,MATCH(IF(LEN(AA$36)>1,LEFT(AA$36,1)+RIGHT(AA$36,1),AA$36),GG$14:GG$22,0),MATCH(IF(LEN(AA38)>1,LEFT(AA38,1)+RIGHT(AA38,1),AA38),GH$13:GP$13,0)) -> G | AI38: =IF(LEN(AA40)>1,LEFT(AA40,1)+RIGHT(AA40,1),AA40) -> 7 | AS38: 10 | AT38: 11 | AU38: 12 | AV38: 13 | AW38: 14 | AX38: 15 | AY38: 16 | AZ38: 17 | BA38: 18 | GB38: 43 | GC38: G | GR38: Z | GS38: 7 | GU38: 25 | GV38: √ | HG38: 43856 | HH38: =TEXT(HG38,"DD-MMM") -> 26-Jan | HI38: Aquarius | HJ38: Air | HK38: =HI38&" - "&HJ38 -> Aquarius - Air
A39: Last Name | B39: Karrpe | C39: =MID($B39,COLUMNS($B$13:B$13),1) -> K | D39: =MID($B39,COLUMNS($B$13:C$13),1) -> a | E39: =MID($B39,COLUMNS($B$13:D$13),1) -> r | F39: =MID($B39,COLUMNS($B$13:E$13),1) -> r | G39: =MID($B39,COLUMNS($B$13:F$13),1) -> p | H39: =MID($B39,COLUMNS($B$13:G$13),1) -> e | I39: =MID($B39,COLUMNS($B$13:H$13),1) | J39: =MID($B39,COLUMNS($B$13:I$13),1) | ... T39: =MID($B39,COLUMNS($B$13:S$13),1) | Y39: SU | Z39: =GY33+GY39+GY36 -> 8 | AA39: =MOD(Z39-1,9)+1 -> 8 | AB39: =INDEX(GH$14:GP$22,MATCH(IF(LEN(AA$35)>1,LEFT(AA$35,1)+RIGHT(AA$35,1),AA$35),GG$14:GG$22,0),MATCH(IF(LEN(AA39)>1,LEFT(AA39,1)+RIGHT(AA39,1),AA39),GH$13:GP$13,0)) -> A | AC39: =INDEX(GH$14:GP$22,MATCH(IF(LEN(AA$36)>1,LEFT(AA$36,1)+RIGHT(AA$36,1),AA$36),GG$14:GG$22,0),MATCH(IF(LEN(AA39)>1,LEFT(AA39,1)+RIGHT(AA39,1),AA39),GH$13:GP$13,0)) -> E | AS39: 19 | AT39: 20 | AU39: 21 | AV39: 22 | AW39: 23 | AX39: 24 | AY39: 25 | AZ39: 26 | BA39: 27 | GB39: 45 | GC39: S | GR39: 1 | GS39: 1 | GU39: 26 | GV39: X | GX39: LN Vowel | GY39: =(GZ39*GZ40)+(HA39*HA40)+(HB39*HB40)+(HC39*HC40)+(HD39*HD40) -> 6 | GZ39: =IFERROR((HLOOKUP(GZ30,C39:T40,2,0)),0) -> 1 | HA39: =IFERROR((HLOOKUP(HA30,C39:T40,2,0)),0) -> 5 | HB39: =IFERROR((HLOOKUP(HB30,C39:T40,2,0)),0) -> 0 | HC39: =IFERROR((HLOOKUP(HC30,C39:T40,2,0)),0) -> 0 | HD39: =IFERROR((HLOOKUP(HD30,C39:T40,2,0)),0) -> 0 | HG39: 43857 | HH39: =TEXT(HG39,"DD-MMM") -> 27-Jan | HI39: Aquarius | HJ39: Air | HK39: =HI39&" - "&HJ39 -> Aquarius - Air
C40: =IFERROR(VLOOKUP(C39,GR:GS,2,0),0) -> 2 | D40: =IFERROR(VLOOKUP(D39,GR:GS,2,0),0) -> 1 | E40: =IFERROR(VLOOKUP(E39,GR:GS,2,0),0) -> 2 | F40: =IFERROR(VLOOKUP(F39,GR:GS,2,0),0) -> 2 | G40: =IFERROR(VLOOKUP(G39,GR:GS,2,0),0) -> 8 | H40: =IFERROR(VLOOKUP(H39,GR:GS,2,0),0) -> 5 | I40: =IFERROR(VLOOKUP(I39,GR:GS,2,0),0) -> 0 | J40: =IFERROR(VLOOKUP(J39,GR:GS,2,0),0) -> 0 | ... T40: =IFERROR(VLOOKUP(T39,GR:GS,2,0),0) -> 0 | U40: =SUM(C40:T40) -> 20 | V40: =IF(U40<10,U40,((LEFT(U40,1))+(RIGHT(U40,1)))) -> 2 | Y40: SS | Z40: =Z38-Z39 -> 34 | AA40: =MOD(Z40-1,9)+1 -> 7 | AB40: =INDEX(GH$14:GP$22,MATCH(IF(LEN(AA$35)>1,LEFT(AA$35,1)+RIGHT(AA$35,1),AA$35),GG$14:GG$22,0),MATCH(IF(LEN(AA40)>1,LEFT(AA40,1)+RIGHT(AA40,1),AA40),GH$13:GP$13,0)) -> E | AC40: =INDEX(GH$14:GP$22,MATCH(IF(LEN(AA$36)>1,LEFT(AA$36,1)+RIGHT(AA$36,1),AA$36),GG$14:GG$22,0),MATCH(IF(LEN(AA40)>1,LEFT(AA40,1)+RIGHT(AA40,1),AA40),GH$13:GP$13,0)) -> A | AE40: Karmic Number | AS40: 28 | AT40: 29 | AU40: 30 | AV40: 31 | AW40: 32 | AX40: 33 | AY40: 34 | AZ40: 35 | BA40: 36 | BF40: 55 | BG40: =MOD(BF40-1,9)+1 -> 1 | GB40: 46 | GC40: S | GR40: 2 | GS40: 2 | GU40: 27 | GV40: √ | GZ40: =COUNTIFS(C39:T39,GZ30) -> 1 | HA40: =COUNTIFS(C39:T39,HA30) -> 1 | HB40: =COUNTIFS(C39:T39,HB30) -> 0 | HC40: =COUNTIFS(C39:T39,HC30) -> 0 | HD40: =COUNTIFS(C39:T39,HD30) -> 0 | HG40: 43858 | HH40: =TEXT(HG40,"DD-MMM") -> 28-Jan | HI40: Aquarius | HJ40: Air | HK40: =HI40&" - "&HJ40 -> Aquarius - Air
U41: =U40+U38+U36 -> 42 | V41: =V36+V38+V40 -> 15 | W41: EXP | X41: =IF(U41>52,VLOOKUP(V41,GU:GV,2,0),VLOOKUP(U41,GU:GV,2,0)) -> √ | AB41: Hidden Passion | AE41: FN | AF41: MN | AG41: LN | AH41: Core | AI41: N | AJ41: C | AK41: KLs | AL41: MKLs | AS41: 37 | AT41: 38 | AU41: 39 | AV41: 40 | AW41: 41 | AX41: 42 | AY41: 43 | AZ41: 44 | BA41: 45 | BF41: 57 | BG41: =MOD(BF41-1,9)+1 -> 3 | GB41: 47 | GC41: S | GR41: 3 | GS41: 3 | GU41: 28 | GV41: X | HG41: 43859 | HH41: =TEXT(HG41,"DD-MMM") -> 29-Jan | HI41: Aquarius | HJ41: Air | HK41: =HI41&" - "&HJ41 -> Aquarius - Air
Y42: Balance | Z42: =C36+C40 -> 4 | AA42: =IF(LEN(Z42)>1,LEFT(Z42,1)+RIGHT(Z42,1),Z42) -> 4 | AB42: 1 | AC42: =COUNTIF(C$36:T$36,AB42)+COUNTIF(C$38:T$38,AB42)+COUNTIF(C$40:T$40,AB42) -> 3 | AE42: =IFERROR(HLOOKUP(AB42,C36:T36,1,0),0) -> 1 | AF42: =IFERROR(HLOOKUP(AB42,C38:T38,1,0),0) -> 0 | AG42: =IFERROR(HLOOKUP(AB42,C40:T40,1,0),0) -> 1 | AH42: =IFERROR(VLOOKUP(AB42,AI33:AI38,1,0),0) -> 1 | AI42: =IF(SUM(AE42:AG42)>=AB42,AB42,0) -> 1 | AJ42: =IF(AH42=AB42,AB42,0) -> 1 | AK42: =IF(SUM(AI42:AJ42)<=0,AB42,0) -> 0 | AL42: =IF(AI42=AB42,0,AJ42) -> 0 | AS42: 46 | AT42: 47 | AU42: 48 | AV42: 49 | AW42: 50 | AX42: 51 | AY42: 52 | BF42: 59 | BG42: =MOD(BF42-1,9)+1 -> 5 | GB42: 50 | GC42: S | GR42: 4 | GS42: 4 | GU42: 29 | GV42: X | HG42: 43860 | HH42: =TEXT(HG42,"DD-MMM") -> 30-Jan | HI42: Aquarius | HJ42: Air | HK42: =HI42&" - "&HJ42 -> Aquarius - Air
Y43: Maturity | Z43: =AA36+AA38 -> 14 | AA43: =IF(LEN(Z43)>1,LEFT(Z43,1)+RIGHT(Z43,1),Z43) -> 5 | AB43: 2 | AC43: =COUNTIF(C$36:T$36,AB43)+COUNTIF(C$38:T$38,AB43)+COUNTIF(C$40:T$40,AB43) -> 5 | AE43: =IFERROR(HLOOKUP(AB43,C36:T36,1,0),0) -> 2 | AF43: =IFERROR(HLOOKUP(AB43,C38:T38,1,0),0) -> 0 | AG43: =IFERROR(HLOOKUP(AB43,C40:T40,1,0),0) -> 2 | AH43: =IFERROR(VLOOKUP(AB43,AI33:AI38,1,0),0) -> 0 | AI43: =IF(SUM(AE43:AG43)>=AB43,AB43,0) -> 2 | AJ43: =IF(AH43=AB43,AB43,0) -> 0 | AK43: =IF(SUM(AI43:AJ43)<=0,AB43,0) -> 0 | AL43: =IF(AI43=AB43,0,AJ43) -> 0 | BF43: 60 | BG43: =MOD(BF43-1,9)+1 -> 6 | GB43: 51 | GC43: S | GR43: 5 | GS43: 5 | GU43: 30 | GV43: * | HG43: 43861 | HH43: =TEXT(HG43,"DD-MMM") -> 31-Jan | HI43: Aquarius | HJ43: Air | HK43: =HI43&" - "&HJ43 -> Aquarius - Air
Y44: Attitude | Z44: =+C5+F5 -> 12 | AA44: =IF(LEN(Z44)>1,LEFT(Z44,1)+RIGHT(Z44,1),Z44) -> 3 | AB44: 3 | AC44: =COUNTIF(C$36:T$36,AB44)+COUNTIF(C$38:T$38,AB44)+COUNTIF(C$40:T$40,AB44) -> 2 | AE44: =IFERROR(HLOOKUP(AB44,C36:T36,1,0),0) -> 3 | AF44: =IFERROR(HLOOKUP(AB44,C38:T38,1,0),0) -> 3 | AG44: =IFERROR(HLOOKUP(AB44,C40:T40,1,0),0) -> 0 | AH44: =IFERROR(VLOOKUP(AB44,AI33:AI38,1,0),0) -> 0 | AI44: =IF(SUM(AE44:AG44)>=AB44,AB44,0) -> 3 | AJ44: =IF(AH44=AB44,AB44,0) -> 0 | AK44: =IF(SUM(AI44:AJ44)<=0,AB44,0) -> 0 | AL44: =IF(AI44=AB44,0,AJ44) -> 0 | AS44: 55 | AU44: 57 | AV44: 58 | AW44: 59 | AX44: 60 | BF44: 64 | BG44: =MOD(BF44-1,9)+1 -> 1 | GB44: 52 | GC44: S | GR44: 6 | GS44: 6 | GU44: 31 | GV44: X | HG44: 43862 | HH44: =TEXT(HG44,"DD-MMM") -> 01-Feb | HI44: Aquarius | HJ44: Air | HK44: =HI44&" - "&HJ44 -> Aquarius - Air
AB45: 4 | AC45: =COUNTIF(C$36:T$36,AB45)+COUNTIF(C$38:T$38,AB45)+COUNTIF(C$40:T$40,AB45) -> 0 | AE45: =IFERROR(HLOOKUP(AB45,C36:T36,1,0),0) -> 0 | AF45: =IFERROR(HLOOKUP(AB45,C38:T38,1,0),0) -> 0 | AG45: =IFERROR(HLOOKUP(AB45,C40:T40,1,0),0) -> 0 | AH45: =IFERROR(VLOOKUP(AB45,AI33:AI38,1,0),0) -> 0 | AI45: =IF(SUM(AE45:AG45)>=AB45,AB45,0) -> 0 | AJ45: =IF(AH45=AB45,AB45,0) -> 0 | AK45: =IF(SUM(AI45:AJ45)<=0,AB45,0) -> 4 | AL45: =IF(AI45=AB45,0,AJ45) -> 0 | AS45: 64 | AU45: 66 | AV45: 67 | AW45: 68 | AX45: 69 | BF45: 66 | BG45: =MOD(BF45-1,9)+1 -> 3 | GB45: 55 | GR45: 7 | GS45: 7 | GU45: 32 | GV45: √ | HG45: 43863 | HH45: =TEXT(HG45,"DD-MMM") -> 02-Feb | HI45: Aquarius | HJ45: Air | HK45: =HI45&" - "&HJ45 -> Aquarius - Air
AB46: 5 | AC46: =COUNTIF(C$36:T$36,AB46)+COUNTIF(C$38:T$38,AB46)+COUNTIF(C$40:T$40,AB46) -> 3 | AE46: =IFERROR(HLOOKUP(AB46,C36:T36,1,0),0) -> 5 | AF46: =IFERROR(HLOOKUP(AB46,C38:T38,1,0),0) -> 0 | AG46: =IFERROR(HLOOKUP(AB46,C40:T40,1,0),0) -> 5 | AH46: =IFERROR(VLOOKUP(AB46,AI33:AI38,1,0),0) -> 0 | AI46: =IF(SUM(AE46:AG46)>=AB46,AB46,0) -> 5 | AJ46: =IF(AH46=AB46,AB46,0) -> 0 | AK46: =IF(SUM(AI46:AJ46)<=0,AB46,0) -> 0 | AL46: =IF(AI46=AB46,0,AJ46) -> 0 | AS46: 73 | AU46: 75 | AV46: 76 | AW46: 77 | BF46: 68 | BG46: =MOD(BF46-1,9)+1 -> 5 | GB46: 57 | GR46: 8 | GS46: 8 | GU46: 33 | GV46: √ | HG46: 43864 | HH46: =TEXT(HG46,"DD-MMM") -> 03-Feb | HI46: Aquarius | HJ46: Air | HK46: =HI46&" - "&HJ46 -> Aquarius - Air
AB47: 6 | AC47: =COUNTIF(C$36:T$36,AB47)+COUNTIF(C$38:T$38,AB47)+COUNTIF(C$40:T$40,AB47) -> 0 | AE47: =IFERROR(HLOOKUP(AB47,C36:T36,1,0),0) -> 0 | AF47: =IFERROR(HLOOKUP(AB47,C38:T38,1,0),0) -> 0 | AG47: =IFERROR(HLOOKUP(AB47,C40:T40,1,0),0) -> 0 | AH47: =IFERROR(VLOOKUP(AB47,AI33:AI38,1,0),0) -> 6 | AI47: =IF(SUM(AE47:AG47)>=AB47,AB47,0) -> 0 | AJ47: =IF(AH47=AB47,AB47,0) -> 6 | AK47: =IF(SUM(AI47:AJ47)<=0,AB47,0) -> 0 | AL47: =IF(AI47=AB47,0,AJ47) -> 6 | BF47: 69 | BG47: =MOD(BF47-1,9)+1 -> 6 | GB47: 59 | GR47: 9 | GS47: 9 | GU47: 34 | GV47: * | HG47: 43865 | HH47: =TEXT(HG47,"DD-MMM") -> 04-Feb | HI47: Aquarius | HJ47: Air | HK47: =HI47&" - "&HJ47 -> Aquarius - Air
AB48: 7 | AC48: =COUNTIF(C$36:T$36,AB48)+COUNTIF(C$38:T$38,AB48)+COUNTIF(C$40:T$40,AB48) -> 0 | AE48: =IFERROR(HLOOKUP(AB48,C36:T36,1,0),0) -> 0 | AF48: =IFERROR(HLOOKUP(AB48,C38:T38,1,0),0) -> 0 | AG48: =IFERROR(HLOOKUP(AB48,C40:T40,1,0),0) -> 0 | AH48: =IFERROR(VLOOKUP(AB48,AI33:AI38,1,0),0) -> 7 | AI48: =IF(SUM(AE48:AG48)>=AB48,AB48,0) -> 0 | AJ48: =IF(AH48=AB48,AB48,0) -> 7 | AK48: =IF(SUM(AI48:AJ48)<=0,AB48,0) -> 0 | AL48: =IF(AI48=AB48,0,AJ48) -> 7 | BF48: 73 | BG48: =MOD(BF48-1,9)+1 -> 1 | GB48: 60 | GR48: 0 | GS48: 0 | GU48: 35 | GV48: X | HG48: 43866 | HH48: =TEXT(HG48,"DD-MMM") -> 05-Feb | HI48: Aquarius | HJ48: Air | HK48: =HI48&" - "&HJ48 -> Aquarius - Air
AB49: 8 | AC49: =COUNTIF(C$36:T$36,AB49)+COUNTIF(C$38:T$38,AB49)+COUNTIF(C$40:T$40,AB49) -> 1 | AE49: =IFERROR(HLOOKUP(AB49,C36:T36,1,0),0) -> 0 | AF49: =IFERROR(HLOOKUP(AB49,C38:T38,1,0),0) -> 0 | AG49: =IFERROR(HLOOKUP(AB49,C40:T40,1,0),0) -> 8 | AH49: =IFERROR(VLOOKUP(AB49,AI33:AI38,1,0),0) -> 8 | AI49: =IF(SUM(AE49:AG49)>=AB49,AB49,0) -> 8 | AJ49: =IF(AH49=AB49,AB49,0) -> 8 | AK49: =IF(SUM(AI49:AJ49)<=0,AB49,0) -> 0 | AL49: =IF(AI49=AB49,0,AJ49) -> 0 | BF49: 75 | BG49: =MOD(BF49-1,9)+1 -> 3 | GB49: 64 | HG49: 43867 | HH49: =TEXT(HG49,"DD-MMM") -> 06-Feb | HI49: Aquarius | HJ49: Air | HK49: =HI49&" - "&HJ49 -> Aquarius - Air
AB50: 9 | AE50: =IFERROR(HLOOKUP(AB50,C36:T36,1,0),0) -> 0 | AF50: =IFERROR(HLOOKUP(AB50,C38:T38,1,0),0) -> 0 | AG50: =IFERROR(HLOOKUP(AB50,C40:T40,1,0),0) -> 0 | AH50: =IFERROR(VLOOKUP(AB50,AI33:AI38,1,0),0) -> 0 | AI50: =IF(SUM(AE50:AG50)>=AB50,AB50,0) -> 0 | AJ50: =IF(AH50=AB50,AB50,0) -> 0 | AK50: =IF(SUM(AI50:AJ50)<=0,AB50,0) -> 9 | AL50: =IF(AI50=AB50,0,AJ50) -> 0 | BF50: 77 | BG50: =MOD(BF50-1,9)+1 -> 5 | GB50: 66 | HG50: 43868 | HH50: =TEXT(HG50,"DD-MMM") -> 07-Feb | HI50: Aquarius | HJ50: Air | HK50: =HI50&" - "&HJ50 -> Aquarius - Air
Y51: Challenge | BF51: 78 | BG51: =MOD(BF51-1,9)+1 -> 6 | GB51: 68 | HG51: 43869 | HH51: =TEXT(HG51,"DD-MMM") -> 08-Feb | HI51: Aquarius | HJ51: Air | HK51: =HI51&" - "&HJ51 -> Aquarius - Air
Y52: Chlg 1 | Z52: =ABS(C6-F6) -> 2 | AA52: =IF(LEN(Z52)>1,LEFT(Z52,1)+RIGHT(Z52,1),Z52) -> 2 | AB52: 0 to 35 yrs | BF52: 82 | BG52: =MOD(BF52-1,9)+1 -> 1 | GB52: 69 | GU52: 36 | GV52: √ | HG52: 43870 | HH52: =TEXT(HG52,"DD-MMM") -> 09-Feb | HI52: Aquarius | HJ52: Air | HK52: =HI52&" - "&HJ52 -> Aquarius - Air
Y53: Chlg 2 | Z53: =ABS(C6-I6) -> 2 | AA53: =IF(LEN(Z53)>1,LEFT(Z53,1)+RIGHT(Z53,1),Z53) -> 2 | AB53: 35 to 55 yrs | BF53: 84 | BG53: =MOD(BF53-1,9)+1 -> 3 | GB53: 73 | GU53: 37 | GV53: √ | HG53: 43871 | HH53: =TEXT(HG53,"DD-MMM") -> 10-Feb | HI53: Aquarius | HJ53: Air | HK53: =HI53&" - "&HJ53 -> Aquarius - Air
Y54: Chlg 3 | Z54: =ABS(Z52-Z53) -> 0 | AA54: =IF(LEN(Z54)>1,LEFT(Z54,1)+RIGHT(Z54,1),Z54) -> 0 | AB54: Birth to Death | BF54: 86 | BG54: =MOD(BF54-1,9)+1 -> 5 | GB54: 75 | GU54: 38 | GV54: * | HG54: 43872 | HH54: =TEXT(HG54,"DD-MMM") -> 11-Feb | HI54: Aquarius | HJ54: Air | HK54: =HI54&" - "&HJ54 -> Aquarius - Air
Y55: Chlg 4 | Z55: =ABS(F6-I6) -> 0 | AA55: =IF(LEN(Z55)>1,LEFT(Z55,1)+RIGHT(Z55,1),Z55) -> 0 | AB55: 55 till Death | BF55: 87 | BG55: =MOD(BF55-1,9)+1 -> 6 | GB55: 77 | GU55: 39 | GV55: * | HG55: 43873 | HH55: =TEXT(HG55,"DD-MMM") -> 12-Feb | HI55: Aquarius | HJ55: Air | HK55: =HI55&" - "&HJ55 -> Aquarius - Air
BF56: 91 | BG56: =MOD(BF56-1,9)+1 -> 1 | GB56: 78 | GU56: 40 | GV56: X | HG56: 43874 | HH56: =TEXT(HG56,"DD-MMM") -> 13-Feb | HI56: Aquarius | HJ56: Air | HK56: =HI56&" - "&HJ56 -> Aquarius - Air
Y57: Pinacale | AB57: From | AC57: To | BF57: 93 | BG57: =MOD(BF57-1,9)+1 -> 3 | GB57: 82 | GU57: 41 | GV57: √ | HG57: 43875 | HH57: =TEXT(HG57,"DD-MMM") -> 14-Feb | HI57: Aquarius | HJ57: Air | HK57: =HI57&" - "&HJ57 -> Aquarius - Air
Y58: P1 | Z58: =ABS(C5+F5) -> 12 | AA58: =MOD(Z58-1,9)+1 -> 3 | AB58: 0 | AC58: =36-C7 -> 28 | BF58: 96 | BG58: =MOD(BF58-1,9)+1 -> 6 | GB58: 84 | GU58: 42 | GV58: √ | HG58: 43876 | HH58: =TEXT(HG58,"DD-MMM") -> 15-Feb | HI58: Aquarius | HJ58: Air | HK58: =HI58&" - "&HJ58 -> Aquarius - Air
Y59: P2 | Z59: =ABS(C5+I6) -> 12 | AA59: =MOD(Z59-1,9)+1 -> 3 | AB59: =IF(C7=1,36,IF(C7=2,35,IF(C7=3,34,IF(C7=4,33,IF(C7=5,32,IF(C7=6,31,IF(C7=7,30,IF(C7=8,29,IF(C7=9,28,0))))))))) -> 29 | AC59: =IF(C7=1,44,IF(C7=2,43,IF(C7=3,42,IF(C7=4,41,IF(C7=5,40,IF(C7=6,39,IF(C7=7,38,IF(C7=8,37,IF(C7=9,36,0))))))))) -> 37 | BF59: 100 | BG59: =MOD(BF59-1,9)+1 -> 1 | GB59: 86 | GU59: 43 | GV59: √ | HG59: 43877 | HH59: =TEXT(HG59,"DD-MMM") -> 16-Feb | HI59: Aquarius | HJ59: Air | HK59: =HI59&" - "&HJ59 -> Aquarius - Air
Y60: P3 | Z60: =ABS(Z58+Z59) -> 24 | AA60: =MOD(Z60-1,9)+1 -> 6 | AB60: =AC59+1 -> 38 | AC60: =IF(C7=1,53,IF(C7=2,52,IF(C7=3,51,IF(C7=4,50,IF(C7=5,49,IF(C7=6,48,IF(C7=7,47,IF(C7=8,46,IF(C7=9,45,0))))))))) -> 46 | GB60: 87 | GU60: 44 | GV60: X | HG60: 43878 | HH60: =TEXT(HG60,"DD-MMM") -> 17-Feb | HI60: Aquarius | HJ60: Air | HK60: =HI60&" - "&HJ60 -> Aquarius - Air
Y61: P4 | Z61: =ABS(F5+I6) -> 10 | AA61: =MOD(Z61-1,9)+1 -> 1 | AB61: =AC60+1 -> 47 | AC61: Onwards | GB61: 91 | GU61: 45 | GV61: * | HG61: 43879 | HH61: =TEXT(HG61,"DD-MMM") -> 18-Feb | HI61: Aquarius | HJ61: Air | HK61: =HI61&" - "&HJ61 -> Aquarius - Air
GB62: 93 | GU62: 46 | GV62: * | HG62: 43880 | HH62: =TEXT(HG62,"DD-MMM") -> 19-Feb | HI62: Pisces | HJ62: Water | HK62: =HI62&" - "&HJ62 -> Pisces - Water
GB63: 96 | GU63: 47 | GV63: * | HG63: 43881 | HH63: =TEXT(HG63,"DD-MMM") -> 20-Feb | HI63: Pisces | HJ63: Water | HK63: =HI63&" - "&HJ63 -> Pisces - Water
GB64: 100 | GU64: 48 | GV64: X | HG64: 43882 | HH64: =TEXT(HG64,"DD-MMM") -> 21-Feb | HI64: Pisces | HJ64: Water | HK64: =HI64&" - "&HJ64 -> Pisces - Water
GU65: 49 | GV65: X | HG65: 43883 | HH65: =TEXT(HG65,"DD-MMM") -> 22-Feb | HI65: Pisces | HJ65: Water | HK65: =HI65&" - "&HJ65 -> Pisces - Water
GU66: 50 | GV66: * | HG66: 43884 | HH66: =TEXT(HG66,"DD-MMM") -> 23-Feb | HI66: Pisces | HJ66: Water | HK66: =HI66&" - "&HJ66 -> Pisces - Water
GU67: 51 | GV67: * | HG67: 43885 | HH67: =TEXT(HG67,"DD-MMM") -> 24-Feb | HI67: Pisces | HJ67: Water | HK67: =HI67&" - "&HJ67 -> Pisces - Water
GU68: 52 | GV68: * | HG68: 43886 | HH68: =TEXT(HG68,"DD-MMM") -> 25-Feb | HI68: Pisces | HJ68: Water | HK68: =HI68&" - "&HJ68 -> Pisces - Water
HG69: 43887 | HH69: =TEXT(HG69,"DD-MMM") -> 26-Feb | HI69: Pisces | HJ69: Water | HK69: =HI69&" - "&HJ69 -> Pisces - Water
GU70: House No | GV70: Rank | HG70: 43888 | HH70: =TEXT(HG70,"DD-MMM") -> 27-Feb | HI70: Pisces | HJ70: Water | HK70: =HI70&" - "&HJ70 -> Pisces - Water
GU71: 1 | GV71: * | HG71: 43889 | HH71: =TEXT(HG71,"DD-MMM") -> 28-Feb | HI71: Pisces | HJ71: Water | HK71: =HI71&" - "&HJ71 -> Pisces - Water
GU72: 3 | GV72: * | HG72: 43890 | HH72: =TEXT(HG72,"DD-MMM") -> 29-Feb | HI72: Pisces | HJ72: Water | HK72: =HI72&" - "&HJ72 -> Pisces - Water
GU73: 5 | GV73: * | HG73: 43891 | HH73: =TEXT(HG73,"DD-MMM") -> 01-Mar | HI73: Pisces | HJ73: Water | HK73: =HI73&" - "&HJ73 -> Pisces - Water
GU74: 6 | GV74: * | HG74: 43892 | HH74: =TEXT(HG74,"DD-MMM") -> 02-Mar | HI74: Pisces | HJ74: Water | HK74: =HI74&" - "&HJ74 -> Pisces - Water
GU75: 2 | GV75: √ | HG75: 43893 | HH75: =TEXT(HG75,"DD-MMM") -> 03-Mar | HI75: Pisces | HJ75: Water | HK75: =HI75&" - "&HJ75 -> Pisces - Water
GU76: 7 | GV76: √ | HG76: 43894 | HH76: =TEXT(HG76,"DD-MMM") -> 04-Mar | HI76: Pisces | HJ76: Water | HK76: =HI76&" - "&HJ76 -> Pisces - Water
GU77: 4 | GV77: X | HG77: 43895 | HH77: =TEXT(HG77,"DD-MMM") -> 05-Mar | HI77: Pisces | HJ77: Water | HK77: =HI77&" - "&HJ77 -> Pisces - Water
GU78: 8 | GV78: X | HG78: 43896 | HH78: =TEXT(HG78,"DD-MMM") -> 06-Mar | HI78: Pisces | HJ78: Water | HK78: =HI78&" - "&HJ78 -> Pisces - Water
GU79: 9 | GV79: √ | HG79: 43897 | HH79: =TEXT(HG79,"DD-MMM") -> 07-Mar | HI79: Pisces | HJ79: Water | HK79: =HI79&" - "&HJ79 -> Pisces - Water
HG80: 43898 | HH80: =TEXT(HG80,"DD-MMM") -> 08-Mar | HI80: Pisces | HJ80: Water | HK80: =HI80&" - "&HJ80 -> Pisces - Water
HG81: 43899 | HH81: =TEXT(HG81,"DD-MMM") -> 09-Mar | HI81: Pisces | HJ81: Water | HK81: =HI81&" - "&HJ81 -> Pisces - Water
HG82: 43900 | HH82: =TEXT(HG82,"DD-MMM") -> 10-Mar | HI82: Pisces | HJ82: Water | HK82: =HI82&" - "&HJ82 -> Pisces - Water
HG83: 43901 | HH83: =TEXT(HG83,"DD-MMM") -> 11-Mar | HI83: Pisces | HJ83: Water | HK83: =HI83&" - "&HJ83 -> Pisces - Water
HG84: 43902 | HH84: =TEXT(HG84,"DD-MMM") -> 12-Mar | HI84: Pisces | HJ84: Water | HK84: =HI84&" - "&HJ84 -> Pisces - Water
A85: Old Company Name | HG85: 43903 | HH85: =TEXT(HG85,"DD-MMM") -> 13-Mar | HI85: Pisces | HJ85: Water | HK85: =HI85&" - "&HJ85 -> Pisces - Water
A86: Co Name / Brand | B86: Angelic white wings | C86: =MID($B86,COLUMNS($B$13:B$13),1) -> A | D86: =MID($B86,COLUMNS($B$13:C$13),1) -> n | E86: =MID($B86,COLUMNS($B$13:D$13),1) -> g | F86: =MID($B86,COLUMNS($B$13:E$13),1) -> e | G86: =MID($B86,COLUMNS($B$13:F$13),1) -> l | H86: =MID($B86,COLUMNS($B$13:G$13),1) -> i | I86: =MID($B86,COLUMNS($B$13:H$13),1) -> c | J86: =MID($B86,COLUMNS($B$13:I$13),1) | ... AB86: =MID($B86,COLUMNS($B$13:AA$13),1) | HG86: 43904 | HH86: =TEXT(HG86,"DD-MMM") -> 14-Mar | HI86: Pisces | HJ86: Water | HK86: =HI86&" - "&HJ86 -> Pisces - Water
C87: =IFERROR(VLOOKUP(C86,$GR:$GS,2,0),0) -> 1 | D87: =IFERROR(VLOOKUP(D86,$GR:$GS,2,0),0) -> 5 | E87: =IFERROR(VLOOKUP(E86,$GR:$GS,2,0),0) -> 3 | F87: =IFERROR(VLOOKUP(F86,$GR:$GS,2,0),0) -> 5 | G87: =IFERROR(VLOOKUP(G86,$GR:$GS,2,0),0) -> 3 | H87: =IFERROR(VLOOKUP(H86,$GR:$GS,2,0),0) -> 1 | I87: =IFERROR(VLOOKUP(I86,$GR:$GS,2,0),0) -> 3 | J87: =IFERROR(VLOOKUP(J86,$GR:$GS,2,0),0) -> 0 | ... AB87: =IFERROR(VLOOKUP(AB86,$GR:$GS,2,0),0) -> 0 | AC87: =SUM(C87:AB87) -> 60 | AD87: =MOD(AC87-1,9)+1 -> 6 | HG87: 43905 | HH87: =TEXT(HG87,"DD-MMM") -> 15-Mar | HI87: Pisces | HJ87: Water | HK87: =HI87&" - "&HJ87 -> Pisces - Water
HG88: 43906 | HH88: =TEXT(HG88,"DD-MMM") -> 16-Mar | HI88: Pisces | HJ88: Water | HK88: =HI88&" - "&HJ88 -> Pisces - Water
AC89: BD | AD89: =AA14 -> 7 | AE89: =IF(AD89=AD87,"Very Good","Not Good") -> Not Good | HG89: 43907 | HH89: =TEXT(HG89,"DD-MMM") -> 17-Mar | HI89: Pisces | HJ89: Water | HK89: =HI89&" - "&HJ89 -> Pisces - Water
AC90: LP | AD90: =AA15 -> 8 | AE90: =IF(AD90=AD87,"Very Good","Not Good") -> Not Good | HG90: 43908 | HH90: =TEXT(HG90,"DD-MMM") -> 18-Mar | HI90: Pisces | HJ90: Water | HK90: =HI90&" - "&HJ90 -> Pisces - Water
HG91: 43909 | HH91: =TEXT(HG91,"DD-MMM") -> 19-Mar | HI91: Pisces | HJ91: Water | HK91: =HI91&" - "&HJ91 -> Pisces - Water
A92: New Company Name | HG92: 43910 | HH92: =TEXT(HG92,"DD-MMM") -> 20-Mar | HI92: Pisces | HJ92: Water | HK92: =HI92&" - "&HJ92 -> Pisces - Water
A93: Co Name / Brand | B93: Angelic white wings | C93: =MID($B93,COLUMNS($B$13:B$13),1) -> A | D93: =MID($B93,COLUMNS($B$13:C$13),1) -> n | E93: =MID($B93,COLUMNS($B$13:D$13),1) -> g | F93: =MID($B93,COLUMNS($B$13:E$13),1) -> e | G93: =MID($B93,COLUMNS($B$13:F$13),1) -> l | H93: =MID($B93,COLUMNS($B$13:G$13),1) -> i | I93: =MID($B93,COLUMNS($B$13:H$13),1) -> c | J93: =MID($B93,COLUMNS($B$13:I$13),1) | ... AB93: =MID($B93,COLUMNS($B$13:AA$13),1) | HG93: 43911 | HH93: =TEXT(HG93,"DD-MMM") -> 21-Mar | HI93: Aries | HJ93: Fire | HK93: =HI93&" - "&HJ93 -> Aries - Fire
C94: =IFERROR(VLOOKUP(C93,$GR:$GS,2,0),0) -> 1 | D94: =IFERROR(VLOOKUP(D93,$GR:$GS,2,0),0) -> 5 | E94: =IFERROR(VLOOKUP(E93,$GR:$GS,2,0),0) -> 3 | F94: =IFERROR(VLOOKUP(F93,$GR:$GS,2,0),0) -> 5 | G94: =IFERROR(VLOOKUP(G93,$GR:$GS,2,0),0) -> 3 | H94: =IFERROR(VLOOKUP(H93,$GR:$GS,2,0),0) -> 1 | I94: =IFERROR(VLOOKUP(I93,$GR:$GS,2,0),0) -> 3 | J94: =IFERROR(VLOOKUP(J93,$GR:$GS,2,0),0) -> 0 | ... AB94: =IFERROR(VLOOKUP(AB93,$GR:$GS,2,0),0) -> 0 | AC94: =SUM(C94:AB94) -> 60 | AD94: =MOD(AC94-1,9)+1 -> 6 | HG94: 43912 | HH94: =TEXT(HG94,"DD-MMM") -> 22-Mar | HI94: Aries | HJ94: Fire | HK94: =HI94&" - "&HJ94 -> Aries - Fire
HG95: 43913 | HH95: =TEXT(HG95,"DD-MMM") -> 23-Mar | HI95: Aries | HJ95: Fire | HK95: =HI95&" - "&HJ95 -> Aries - Fire
AC96: BD | AD96: =AA21 -> 6 | AE96: =IF(AD96=AD94,"Very Good","Not Good") -> Very Good | HG96: 43914 | HH96: =TEXT(HG96,"DD-MMM") -> 24-Mar | HI96: Aries | HJ96: Fire | HK96: =HI96&" - "&HJ96 -> Aries - Fire
AC97: LP | AD97: =AA22 -> 4 | AE97: =IF(AD97=AD94,"Very Good","Not Good") -> Not Good | HG97: 43915 | HH97: =TEXT(HG97,"DD-MMM") -> 25-Mar | HI97: Aries | HJ97: Fire | HK97: =HI97&" - "&HJ97 -> Aries - Fire
HG98: 43916 | HH98: =TEXT(HG98,"DD-MMM") -> 26-Mar | HI98: Aries | HJ98: Fire | HK98: =HI98&" - "&HJ98 -> Aries - Fire
HG99: 43917 | HH99: =TEXT(HG99,"DD-MMM") -> 27-Mar | HI99: Aries | HJ99: Fire | HK99: =HI99&" - "&HJ99 -> Aries - Fire
HG100: 43918 | HH100: =TEXT(HG100,"DD-MMM") -> 28-Mar | HI100: Aries | HJ100: Fire | HK100: =HI100&" - "&HJ100 -> Aries - Fire
HG101: 43919 | HH101: =TEXT(HG101,"DD-MMM") -> 29-Mar | HI101: Aries | HJ101: Fire | HK101: =HI101&" - "&HJ101 -> Aries - Fire
...

Sheet Master Calculator
B1: MM/DD/YYYY | C1: D | D1: D | F1: M | G1: M | I1: Y | J1: Y | K1: Y | L1: Y | Q1: BD | R1: LP | AH1: Compatibility Table
A2: Date of Birth | B2: 28884 | C2: =MID(A4,1,1) -> 2 | D2: =MID(A4,2,1) -> 9 | F2: =MID(A4,4,1) -> 0 | G2: =MID(A4,5,1) -> 1 | I2: =MID(A4,7,1) -> 1 | J2: =MID(A4,8,1) -> 9 | K2: =MID(A4,9,1) -> 7 | L2: =MID(A4,10,1) -> 9 | Q2: =C6 -> 2 | R2: =C7 -> 2 | AI2: 1 | AJ2: 2 | AK2: 3 | AL2: 4 | AM2: 5 | AN2: 6 | AO2: 7 | AP2: 8 | AQ2: 9
A3: =TEXT(B2,("DD-MMM")) -> 29-Jan | I3: =I2&J2&K2&L2 -> 1979 | L3: =SUMPRODUCT(1*MID(I3,ROW(INDIRECT("1:"&LEN(I3))),1)) -> 26 | P3: 1 | Q3: =INDEX($AH$2:$AQ$11,MATCH(P3,$AH$2:$AQ$2,0),MATCH($Q$2,$AH$2:$AH$11,0)) -> G | R3: =INDEX($AH$2:$AQ$11,MATCH(P3,$AH$2:$AQ$2,0),MATCH($R$2,$AH$2:$AH$11,0)) -> G | T3: 1 | U3: 10 | V3: 19 | W3: 28 | X3: 37 | Y3: 46 | AA3: 1 | AB3: A | AC3: I | AD3: J | AE3: Q | AF3: Y | AH3: 1 | AI3: E | AJ3: G | AK3: G | AL3: F | AM3: G | AN3: F | AO3: G | AP3: F | AQ3: A
A4: =TEXT(B2,"DD-MM-YYYY") -> 29-01-1979 | B4: Zodiac & Element | C4: BD | F4: BM | I4: BY | N4: Age | P4: 2 | Q4: =INDEX($AH$2:$AQ$11,MATCH(P4,$AH$2:$AQ$2,0),MATCH($Q$2,$AH$2:$AH$11,0)) -> E | R4: =INDEX($AH$2:$AQ$11,MATCH(P4,$AH$2:$AQ$2,0),MATCH($R$2,$AH$2:$AH$11,0)) -> E | T4: 2 | U4: 11 | V4: 20 | W4: 29 | X4: 38 | Y4: 47 | AA4: 2 | AB4: B | AC4: K | AD4: R | AH4: 2 | AI4: G | AJ4: E | AK4: G | AL4: G | AM4: F | AN4: G | AO4: VG | AP4: A | AQ4: A
B5: =VLOOKUP(A3,HH:HK,4,0) -> Aquarius - Air | C5: =C2+D2 -> 11 | F5: =F2+G2 -> 1 | I5: =SUMPRODUCT(1*MID(L3,ROW(INDIRECT("1:"&LEN(L3))),1)) -> 8 | N5: =(TODAY()-B2)/365 -> 46.471233 | P5: 3 | Q5: =INDEX($AH$2:$AQ$11,MATCH(P5,$AH$2:$AQ$2,0),MATCH($Q$2,$AH$2:$AH$11,0)) -> G | R5: =INDEX($AH$2:$AQ$11,MATCH(P5,$AH$2:$AQ$2,0),MATCH($R$2,$AH$2:$AH$11,0)) -> G | T5: 3 | U5: 12 | V5: 21 | W5: 30 | X5: 39 | Y5: 48 | AA5: 3 | AB5: C | AC5: G | AD5: L | AE5: S | AH5: 3 | AI5: G | AJ5: G | AK5: E | AL5: A | AM5: G | AN5: A | AO5: G | AP5: G | AQ5: G
B6: BD | C6: =IF(LEN(C5)>1,LEFT(C5,1)+RIGHT(C5,1),C5) -> 2 | F6: =IF(LEN(F5)>1,LEFT(F5,1)+RIGHT(F5,1),F5) -> 1 | I6: =SUMPRODUCT(1*MID(I5,ROW(INDIRECT("1:"&LEN(I5))),1)) -> 8 | P6: 4 | Q6: =INDEX($AH$2:$AQ$11,MATCH(P6,$AH$2:$AQ$2,0),MATCH($Q$2,$AH$2:$AH$11,0)) -> G | R6: =INDEX($AH$2:$AQ$11,MATCH(P6,$AH$2:$AQ$2,0),MATCH($R$2,$AH$2:$AH$11,0)) -> G | T6: 4 | U6: 13 | V6: 22 | W6: 31 | X6: 40 | Y6: 49 | AA6: 4 | AB6: D | AC6: M | AD6: T | AH6: 4 | AI6: F | AJ6: G | AK6: A | AL6: E | AM6: G | AN6: G | AO6: G | AP6: A | AQ6: SA
B7: LP | C7: =MOD((C6+F6+I6)-1,9)+1 -> 2 | P7: 5 | Q7: =INDEX($AH$2:$AQ$11,MATCH(P7,$AH$2:$AQ$2,0),MATCH($Q$2,$AH$2:$AH$11,0)) -> F | R7: =INDEX($AH$2:$AQ$11,MATCH(P7,$AH$2:$AQ$2,0),MATCH($R$2,$AH$2:$AH$11,0)) -> F | T7: 5 | U7: 14 | V7: 23 | W7: 32 | X7: 41 | Y7: 50 | AA7: 5 | AB7: E | AC7: H | AD7: N | AE7: X | AH7: 5 | AI7: G | AJ7: F | AK7: G | AL7: G | AM7: E | AN7: F | AO7: G | AP7: VG | AQ7: F
P8: 6 | Q8: =INDEX($AH$2:$AQ$11,MATCH(P8,$AH$2:$AQ$2,0),MATCH($Q$2,$AH$2:$AH$11,0)) -> G | R8: =INDEX($AH$2:$AQ$11,MATCH(P8,$AH$2:$AQ$2,0),MATCH($R$2,$AH$2:$AH$11,0)) -> G | T8: 6 | U8: 15 | V8: 24 | W8: 33 | X8: 42 | Y8: 51 | AA8: 6 | AB8: U | AC8: V | AD8: W | AH8: 6 | AI8: F | AJ8: G | AK8: A | AL8: G | AM8: F | AN8: E | AO8: G | AP8: G | AQ8: G
A9: Gender | B9: female | P9: 7 | Q9: =INDEX($AH$2:$AQ$11,MATCH(P9,$AH$2:$AQ$2,0),MATCH($Q$2,$AH$2:$AH$11,0)) -> VG | R9: =INDEX($AH$2:$AQ$11,MATCH(P9,$AH$2:$AQ$2,0),MATCH($R$2,$AH$2:$AH$11,0)) -> VG | T9: 7 | U9: 16 | V9: 25 | W9: 34 | X9: 43 | Y9: 52 | AA9: 7 | AB9: O | AC9: Z | AH9: 7 | AI9: G | AJ9: VG | AK9: G | AL9: G | AM9: G | AN9: G | AO9: E | AP9: A | AQ9: A
D10: Balance No. | E10: =LEFT(B16,1) -> A | F10: =LEFT(B18,1) -> M | G10: =VLOOKUP(E10,$GR$12:$GS$48,2,0)+VLOOKUP(F10,$GR$12:$GS$48,2,0) -> 5 | P10: 8 | Q10: =INDEX($AH$2:$AQ$11,MATCH(P10,$AH$2:$AQ$2,0),MATCH($Q$2,$AH$2:$AH$11,0)) -> A | R10: =INDEX($AH$2:$AQ$11,MATCH(P10,$AH$2:$AQ$2,0),MATCH($R$2,$AH$2:$AH$11,0)) -> A | T10: 8 | U10: 17 | V10: 26 | W10: 35 | X10: 44 | AA10: 8 | AB10: F | AC10: P | AH10: 8 | AI10: F | AJ10: A | AK10: G | AL10: A | AM10: VG | AN10: G | AO10: A | AP10: E | AQ10: SA
D11: Attitude No. | E11: =C5 -> 11 | F11: =F5 -> 1 | G11: =MOD(E11+F11-1,9)+1 -> 3 | P11: 9 | Q11: =INDEX($AH$2:$AQ$11,MATCH(P11,$AH$2:$AQ$2,0),MATCH($Q$2,$AH$2:$AH$11,0)) -> A | R11: =INDEX($AH$2:$AQ$11,MATCH(P11,$AH$2:$AQ$2,0),MATCH($R$2,$AH$2:$AH$11,0)) -> A | T11: 9 | U11: 18 | V11: 27 | W11: 36 | X11: 45 | AH11: 9 | AI11: A | AJ11: A | AK11: G | AL11: SA | AM11: F | AN11: G | AO11: A | AP11: SA | AQ11: E
AH12: E - Excelent | VG - Very Good | G - Good | F - Fair | A - Avoid | SA - Super Avoid | GB12: No | GC12: Rank | GG12: Compatibility Table | GR12: Alphabet | GS12: Number | GU12: Compound Numbers | GY12: Vowels | GZ12: a | HA12: e | HB12: i | HC12: o | HD12: u | HG12: Date | HH12: Date | HI12: Zodiac | HJ12: Element | HK12: =HI12&" - "&HJ12 -> Zodiac - Element
GB13: 5 | GC13: G | GH13: 1 | GI13: 2 | GJ13: 3 | GK13: 4 | GL13: 5 | GM13: 6 | GN13: 7 | GO13: 8 | GP13: 9 | GR13: A | GS13: 1 | GU13: No | GV13: Rank | GZ13: 1 | HA13: 5 | HB13: 1 | HC13: 7 | HD13: 6 | HG13: 43831 | HH13: =TEXT(HG13,"DD-MMM") -> 01-Jan | HI13: Capricorn | HJ13: Earth | HK13: =HI13&" - "&HJ13 -> Capricorn - Earth
GB14: 6 | GC14: G | GG14: 1 | GH14: E | GI14: G | GJ14: G | GK14: F | GL14: G | GM14: F | GN14: G | GO14: F | GP14: A | GR14: B | GS14: 2 | GU14: 1 | GV14: X | HG14: 43832 | HH14: =TEXT(HG14,"DD-MMM") -> 02-Jan | HI14: Capricorn | HJ14: Earth | HK14: =HI14&" - "&HJ14 -> Capricorn - Earth
A15: Current Name | M15: Old Aspects / Compatibility | Q15: No | R15: KL | S15: MKL | U15: HP | AD15: BD | AE15: LP | AJ15: BD | AK15: LP | GB15: 10 | GC15: G | GG15: 2 | GH15: G | GI15: E | GJ15: G | GK15: G | GL15: F | GM15: G | GN15: VG | GO15: A | GP15: A | GR15: C | GS15: 3 | GU15: 2 | GV15: X | GX15: FN Vowel | GY15: =(GZ15*GZ16)+(HA15*HA16)+(HB15*HB16)+(HC15*HC16)+(HD15*HD16) -> 0 | GZ15: =IFERROR((HLOOKUP(GZ12,C14:T15,2,0)),0) -> 0 | HA15: =IFERROR((HLOOKUP(HA12,C14:T15,2,0)),0) -> 0 | HB15: =IFERROR((HLOOKUP(HB12,C14:T15,2,0)),0) -> 0 | HC15: =IFERROR((HLOOKUP(HC12,C14:T15,2,0)),0) -> 0 | HD15: =IFERROR((HLOOKUP(HD12,C14:T15,2,0)),0) -> 0 | HG15: 43833 | HH15: =TEXT(HG15,"DD-MMM") -> 03-Jan | HI15: Capricorn | HJ15: Earth | HK15: =HI15&" - "&HJ15 -> Capricorn - Earth
A16: First Name | B16: ACHARYA | D16: =MasterTables!AM2 -> 14 | E16: =IF(D16<10,D16,((LEFT(D16,1))+(RIGHT(D16,1)))) -> 5 | F16: =MasterTables!AO2 -> FN | G16: =MasterTables!AP2 -> √ | J16: Current | M16: With BD | N16: With LP | Q16: 1 | R16: =MasterTables!CF21 -> 0 | S16: =MasterTables!CG21 -> 0 | U16: =MasterTables!BX21 -> 6 | AB16: FN | AD16: =C6 -> 2 | AE16: =C7 -> 2 | AH16: EXP | AJ16: =C6 -> 2 | AK16: =C7 -> 2 | GB16: 12 | GC16: G | GG16: 3 | GH16: G | GI16: G | GJ16: E | GK16: A | GL16: G | GM16: A | GN16: G | GO16: G | GP16: G | GR16: D | GS16: 4 | GU16: 3 | GV16: X | GZ16: =COUNTIFS(C14:T14,GZ12) -> 0 | HA16: =COUNTIFS(C14:T14,HA12) -> 0 | HB16: =COUNTIFS(C14:T14,HB12) -> 0 | HC16: =COUNTIFS(C14:T14,HC12) -> 0 | HD16: =COUNTIFS(C14:T14,HD12) -> 0 | HG16: 43834 | HH16: =TEXT(HG16,"DD-MMM") -> 04-Jan | HI16: Capricorn | HJ16: Earth | HK16: =HI16&" - "&HJ16 -> Capricorn - Earth
A17: Middle Name | B17: KAMLESH | D17: =MasterTables!AM4 -> 23 | E17: =IF(D17<10,D17,((LEFT(D17,1))+(RIGHT(D17,1)))) -> 5 | J17: BD | L17: =C6 -> 2 | M17: =IF(N5<=35,"Active",0) -> 0 | N17: =IF(N5>35,"Active",0) -> Active | Q17: 2 | R17: =MasterTables!CF22 -> 0 | S17: =MasterTables!CG22 -> 0 | U17: =MasterTables!BX22 -> 2 | AB17: =D16 -> 14 | AD17: FN | AH17: =D19 -> 57 | AJ17: EXP | GB17: 13 | GC17: G | GG17: 4 | GH17: F | GI17: G | GJ17: A | GK17: E | GL17: G | GM17: G | GN17: G | GO17: A | GP17: SA | GR17: E | GS17: 5 | GU17: 4 | GV17: X | HG17: 43835 | HH17: =TEXT(HG17,"DD-MMM") -> 05-Jan | HI17: Capricorn | HJ17: Earth | HK17: =HI17&" - "&HJ17 -> Capricorn - Earth
A18: Last Name | B18: MEENA | D18: =MasterTables!AM6 -> 20 | E18: =IF(D18<10,D18,((LEFT(D18,1))+(RIGHT(D18,1)))) -> 2 | J18: LP | L18: =C7 -> 2 | Q18: 3 | R18: =MasterTables!CF23 -> 0 | S18: =MasterTables!CG23 -> 0 | U18: =MasterTables!BX23 -> 3 | AA18: 1 | AB18: =IF(ISERROR(INDEX(GB:GB,MATCH(AB17,$GB$1:$GB$102,1)+1,1)),"",INDEX(GB:GB,MATCH(AB17,$GB$1:$GB$102,1)+1,1)) -> 15 | AC18: =MOD(AB18-1,9)+1 -> 6 | AD18: =INDEX($AH$2:$AQ$11,MATCH(AC18,$AH$2:$AQ$2,0),MATCH($AD$16,$AH$2:$AH$11,0)) -> G | AE18: =INDEX($AH$2:$AQ$11,MATCH(AC18,$AH$2:$AQ$2,0),MATCH($AE$16,$AH$2:$AH$11,0)) -> G | AG18: 1 | AH18: =IF(ISERROR(INDEX(GB:GB,MATCH(AH17,$GB$1:$GB$102,1)+1,1)),"",INDEX(GB:GB,MATCH(AH17,$GB$1:$GB$102,1)+1,1)) -> 59 | AI18: =MOD(AH18-1,9)+1 -> 5 | AJ18: =INDEX($AH$2:$AQ$11,MATCH(AI18,$AH$2:$AQ$2,0),MATCH($AJ$16,$AH$2:$AH$11,0)) -> F | AK18: =INDEX($AH$2:$AQ$11,MATCH(AI18,$AH$2:$AQ$2,0),MATCH($AK$16,$AH$2:$AH$11,0)) -> F | GB18: 14 | GC18: G | GG18: 5 | GH18: G | GI18: F | GJ18: G | GK18: G | GL18: E | GM18: F | GN18: G | GO18: VG | GP18: F | GR18: F | GS18: 8 | GU18: 5 | GV18: √ | GX18: MN Vovel | GY18: =(GZ18*GZ19)+(HA18*HA19)+(HB18*HB19)+(HC18*HC19)+(HD18*HD19) -> 0 | GZ18: =IFERROR((HLOOKUP(GZ12,C16:Z17,2,0)),0) -> 0 | HA18: =IFERROR((HLOOKUP(HA12,C16:Z17,2,0)),0) -> 0 | HB18: =IFERROR((HLOOKUP(HB12,C16:Z17,2,0)),0) -> 0 | HC18: =IFERROR((HLOOKUP(HC12,C16:Z17,2,0)),0) -> 0 | HD18: =IFERROR((HLOOKUP(HD12,C16:Z17,2,0)),0) -> 0 | HG18: 43836 | HH18: =TEXT(HG18,"DD-MMM") -> 06-Jan | HI18: Capricorn | HJ18: Earth | HK18: =HI18&" - "&HJ18 -> Capricorn - Earth
A19: Full Name | D19: =MasterTables!AM7 -> 57 | E19: =SUM(E16:E18) -> 12 | F19: =MasterTables!AO7 -> EXP | G19: =MasterTables!AP7 -> √ | J19: FN | K19: =D16 -> 14 | L19: =MOD(K19-1,9)+1 -> 5 | M19: =INDEX($AH$2:$AQ$11,MATCH(L19,$AH$2:$AQ$2,0),MATCH($L$17,$AH$2:$AH$11,0)) -> F | N19: =INDEX($AH$2:$AQ$11,MATCH(L19,$AH$2:$AQ$2,0),MATCH($L$18,$AH$2:$AH$11,0)) -> F | Q19: 4 | R19: =MasterTables!CF24 -> 0 | S19: =MasterTables!CG24 -> 0 | U19: =MasterTables!BX24 -> 2 | AA19: 2 | AB19: =IF(ISERROR(INDEX(GB:GB,MATCH(AB18,$GB$1:$GB$102,1)+1,1)),"",INDEX(GB:GB,MATCH(AB18,$GB$1:$GB$102,1)+1,1)) -> 17 | AC19: =MOD(AB19-1,9)+1 -> 8 | AD19: =INDEX($AH$2:$AQ$11,MATCH(AC19,$AH$2:$AQ$2,0),MATCH($AD$16,$AH$2:$AH$11,0)) -> A | AE19: =INDEX($AH$2:$AQ$11,MATCH(AC19,$AH$2:$AQ$2,0),MATCH($AE$16,$AH$2:$AH$11,0)) -> A | AG19: 2 | AH19: =IF(ISERROR(INDEX(GB:GB,MATCH(AH18,$GB$1:$GB$102,1)+1,1)),"",INDEX(GB:GB,MATCH(AH18,$GB$1:$GB$102,1)+1,1)) -> 60 | AI19: =MOD(AH19-1,9)+1 -> 6 | AJ19: =INDEX($AH$2:$AQ$11,MATCH(AI19,$AH$2:$AQ$2,0),MATCH($AJ$16,$AH$2:$AH$11,0)) -> G | AK19: =INDEX($AH$2:$AQ$11,MATCH(AI19,$AH$2:$AQ$2,0),MATCH($AK$16,$AH$2:$AH$11,0)) -> G | GB19: 15 | GC19: G | GG19: 6 | GH19: F | GI19: G | GJ19: A | GK19: G | GL19: F | GM19: E | GN19: G | GO19: G | GP19: G | GR19: G | GS19: 3 | GU19: 6 | GV19: √ | GZ19: =COUNTIFS(C16:Z16,GZ12) -> 0 | HA19: =COUNTIFS(C16:Z16,HA12) -> 0 | HB19: =COUNTIFS(C16:Z16,HB12) -> 0 | HC19: =COUNTIFS(C16:Z16,HC12) -> 0 | HD19: =COUNTIFS(C16:Z16,HD12) -> 0 | HG19: 43837 | HH19: =TEXT(HG19,"DD-MMM") -> 07-Jan | HI19: Capricorn | HJ19: Earth | HK19: =HI19&" - "&HJ19 -> Capricorn - Earth
J20: EXP | K20: =D19 -> 57 | L20: =MOD(K20-1,9)+1 -> 3 | M20: =INDEX($AH$2:$AQ$11,MATCH(L20,$AH$2:$AQ$2,0),MATCH($L$17,$AH$2:$AH$11,0)) -> G | N20: =INDEX($AH$2:$AQ$11,MATCH(L20,$AH$2:$AQ$2,0),MATCH($L$18,$AH$2:$AH$11,0)) -> G | Q20: 5 | R20: =MasterTables!CF25 -> 0 | S20: =MasterTables!CG25 -> 0 | U20: =MasterTables!BX25 -> 6 | AA20: 3 | AB20: =IF(ISERROR(INDEX(GB:GB,MATCH(AB19,$GB$1:$GB$102,1)+1,1)),"",INDEX(GB:GB,MATCH(AB19,$GB$1:$GB$102,1)+1,1)) -> 19 | AC20: =MOD(AB20-1,9)+1 -> 1 | AD20: =INDEX($AH$2:$AQ$11,MATCH(AC20,$AH$2:$AQ$2,0),MATCH($AD$16,$AH$2:$AH$11,0)) -> G | AE20: =INDEX($AH$2:$AQ$11,MATCH(AC20,$AH$2:$AQ$2,0),MATCH($AE$16,$AH$2:$AH$11,0)) -> G | AG20: 3 | AH20: =IF(ISERROR(INDEX(GB:GB,MATCH(AH19,$GB$1:$GB$102,1)+1,1)),"",INDEX(GB:GB,MATCH(AH19,$GB$1:$GB$102,1)+1,1)) -> 64 | AI20: =MOD(AH20-1,9)+1 -> 1 | AJ20: =INDEX($AH$2:$AQ$11,MATCH(AI20,$AH$2:$AQ$2,0),MATCH($AJ$16,$AH$2:$AH$11,0)) -> G | AK20: =INDEX($AH$2:$AQ$11,MATCH(AI20,$AH$2:$AQ$2,0),MATCH($AK$16,$AH$2:$AH$11,0)) -> G | GB20: 17 | GC20: G | GG20: 7 | GH20: G | GI20: VG | GJ20: G | GK20: G | GL20: G | GM20: G | GN20: E | GO20: A | GP20: A | GR20: H | GS20: 5 | GU20: 7 | GV20: X | HG20: 43838 | HH20: =TEXT(HG20,"DD-MMM") -> 08-Jan | HI20: Capricorn | HJ20: Earth | HK20: =HI20&" - "&HJ20 -> Capricorn - Earth
J21: SU | K21: =MasterTables!AQ8 -> 20 | L21: =MOD(K21-1,9)+1 -> 2 | M21: =INDEX($AH$2:$AQ$11,MATCH(L21,$AH$2:$AQ$2,0),MATCH($L$17,$AH$2:$AH$11,0)) -> E | N21: =INDEX($AH$2:$AQ$11,MATCH(L21,$AH$2:$AQ$2,0),MATCH($L$18,$AH$2:$AH$11,0)) -> E | Q21: 6 | R21: =MasterTables!CF26 -> 6 | S21: =MasterTables!CG26 -> 0 | U21: =MasterTables!BX26 -> 0 | AA21: 4 | AB21: =IF(ISERROR(INDEX(GB:GB,MATCH(AB20,$GB$1:$GB$102,1)+1,1)),"",INDEX(GB:GB,MATCH(AB20,$GB$1:$GB$102,1)+1,1)) -> 20 | AC21: =MOD(AB21-1,9)+1 -> 2 | AD21: =INDEX($AH$2:$AQ$11,MATCH(AC21,$AH$2:$AQ$2,0),MATCH($AD$16,$AH$2:$AH$11,0)) -> E | AE21: =INDEX($AH$2:$AQ$11,MATCH(AC21,$AH$2:$AQ$2,0),MATCH($AE$16,$AH$2:$AH$11,0)) -> E | AG21: 4 | AH21: =IF(ISERROR(INDEX(GB:GB,MATCH(AH20,$GB$1:$GB$102,1)+1,1)),"",INDEX(GB:GB,MATCH(AH20,$GB$1:$GB$102,1)+1,1)) -> 66 | AI21: =MOD(AH21-1,9)+1 -> 3 | AJ21: =INDEX($AH$2:$AQ$11,MATCH(AI21,$AH$2:$AQ$2,0),MATCH($AJ$16,$AH$2:$AH$11,0)) -> G | AK21: =INDEX($AH$2:$AQ$11,MATCH(AI21,$AH$2:$AQ$2,0),MATCH($AK$16,$AH$2:$AH$11,0)) -> G | GB21: 19 | GC21: S | GG21: 8 | GH21: F | GI21: A | GJ21: G | GK21: A | GL21: VG | GM21: G | GN21: A | GO21: E | GP21: SA | GR21: I | GS21: 1 | GU21: 8 | GV21: X | GX21: LN Vowel | GY21: =(GZ21*GZ22)+(HA21*HA22)+(HB21*HB22)+(HC21*HC22)+(HD21*HD22) -> 0 | GZ21: =IFERROR((HLOOKUP(GZ12,C18:Z19,2,0)),0) -> 0 | HA21: =IFERROR((HLOOKUP(HA12,C18:Z19,2,0)),0) -> 0 | HB21: =IFERROR((HLOOKUP(HB12,C18:Z19,2,0)),0) -> 0 | HC21: =IFERROR((HLOOKUP(HC12,C18:Z19,2,0)),0) -> 0 | HD21: =IFERROR((HLOOKUP(HD12,C18:Z19,2,0)),0) -> 0 | HG21: 43839 | HH21: =TEXT(HG21,"DD-MMM") -> 09-Jan | HI21: Capricorn | HJ21: Earth | HK21: =HI21&" - "&HJ21 -> Capricorn - Earth
D22: Maturity No. | E22: =IF($N$5>35,(MOD(L18+L20-1,9)+1),0) -> 5 | J22: SS | K22: =K20-K21 -> 37 | L22: =MOD(K22-1,9)+1 -> 1 | M22: =INDEX($AH$2:$AQ$11,MATCH(L22,$AH$2:$AQ$2,0),MATCH($L$17,$AH$2:$AH$11,0)) -> G | N22: =INDEX($AH$2:$AQ$11,MATCH(L22,$AH$2:$AQ$2,0),MATCH($L$18,$AH$2:$AH$11,0)) -> G | Q22: 7 | R22: =MasterTables!CF27 -> 7 | S22: =MasterTables!CG27 -> 0 | U22: =MasterTables!BX27 -> 0 | AA22: 5 | AB22: =IF(ISERROR(INDEX(GB:GB,MATCH(AB21,$GB$1:$GB$102,1)+1,1)),"",INDEX(GB:GB,MATCH(AB21,$GB$1:$GB$102,1)+1,1)) -> 21 | AC22: =MOD(AB22-1,9)+1 -> 3 | AD22: =INDEX($AH$2:$AQ$11,MATCH(AC22,$AH$2:$AQ$2,0),MATCH($AD$16,$AH$2:$AH$11,0)) -> G | AE22: =INDEX($AH$2:$AQ$11,MATCH(AC22,$AH$2:$AQ$2,0),MATCH($AE$16,$AH$2:$AH$11,0)) -> G | AG22: 5 | AH22: =IF(ISERROR(INDEX(GB:GB,MATCH(AH21,$GB$1:$GB$102,1)+1,1)),"",INDEX(GB:GB,MATCH(AH21,$GB$1:$GB$102,1)+1,1)) -> 68 | AI22: =MOD(AH22-1,9)+1 -> 5 | AJ22: =INDEX($AH$2:$AQ$11,MATCH(AI22,$AH$2:$AQ$2,0),MATCH($AJ$16,$AH$2:$AH$11,0)) -> F | AK22: =INDEX($AH$2:$AQ$11,MATCH(AI22,$AH$2:$AQ$2,0),MATCH($AK$16,$AH$2:$AH$11,0)) -> F | GB22: 20 | GC22: G | GG22: 9 | GH22: A | GI22: A | GJ22: G | GK22: SA | GL22: F | GM22: G | GN22: A | GO22: SA | GP22: E | GR22: J | GS22: 1 | GU22: 9 | GV22: X | GZ22: =COUNTIFS(C18:Z18,GZ12) -> 0 | HA22: =COUNTIFS(C18:Z18,HA12) -> 0 | HB22: =COUNTIFS(C18:Z18,HB12) -> 0 | HC22: =COUNTIFS(C18:Z18,HC12) -> 0 | HD22: =COUNTIFS(C18:Z18,HD12) -> 0 | HG22: 43840 | HH22: =TEXT(HG22,"DD-MMM") -> 10-Jan | HI22: Capricorn | HJ22: Earth | HK22: =HI22&" - "&HJ22 -> Capricorn - Earth
Q23: 8 | R23: =MasterTables!CF28 -> 8 | S23: =MasterTables!CG28 -> 0 | U23: =MasterTables!BX28 -> 0 | AA23: 6 | AB23: =IF(ISERROR(INDEX(GB:GB,MATCH(AB22,$GB$1:$GB$102,1)+1,1)),"",INDEX(GB:GB,MATCH(AB22,$GB$1:$GB$102,1)+1,1)) -> 23 | AC23: =MOD(AB23-1,9)+1 -> 5 | AD23: =INDEX($AH$2:$AQ$11,MATCH(AC23,$AH$2:$AQ$2,0),MATCH($AD$16,$AH$2:$AH$11,0)) -> F | AE23: =INDEX($AH$2:$AQ$11,MATCH(AC23,$AH$2:$AQ$2,0),MATCH($AE$16,$AH$2:$AH$11,0)) -> F | AG23: 6 | AH23: =IF(ISERROR(INDEX(GB:GB,MATCH(AH22,$GB$1:$GB$102,1)+1,1)),"",INDEX(GB:GB,MATCH(AH22,$GB$1:$GB$102,1)+1,1)) -> 69 | AI23: =MOD(AH23-1,9)+1 -> 6 | AJ23: =INDEX($AH$2:$AQ$11,MATCH(AI23,$AH$2:$AQ$2,0),MATCH($AJ$16,$AH$2:$AH$11,0)) -> G | AK23: =INDEX($AH$2:$AQ$11,MATCH(AI23,$AH$2:$AQ$2,0),MATCH($AK$16,$AH$2:$AH$11,0)) -> G | GB23: 21 | GC23: S | GR23: K | GS23: 2 | GU23: 10 | GV23: √ | HG23: 43841 | HH23: =TEXT(HG23,"DD-MMM") -> 11-Jan | HI23: Capricorn | HJ23: Earth | HK23: =HI23&" - "&HJ23 -> Capricorn - Earth
Q24: 9 | R24: =MasterTables!CF29 -> 9 | S24: =MasterTables!CG29 -> 0 | AA24: 7 | AB24: =IF(ISERROR(INDEX(GB:GB,MATCH(AB23,$GB$1:$GB$102,1)+1,1)),"",INDEX(GB:GB,MATCH(AB23,$GB$1:$GB$102,1)+1,1)) -> 24 | AC24: =MOD(AB24-1,9)+1 -> 6 | AD24: =INDEX($AH$2:$AQ$11,MATCH(AC24,$AH$2:$AQ$2,0),MATCH($AD$16,$AH$2:$AH$11,0)) -> G | AE24: =INDEX($AH$2:$AQ$11,MATCH(AC24,$AH$2:$AQ$2,0),MATCH($AE$16,$AH$2:$AH$11,0)) -> G | AG24: 7 | AH24: =IF(ISERROR(INDEX(GB:GB,MATCH(AH23,$GB$1:$GB$102,1)+1,1)),"",INDEX(GB:GB,MATCH(AH23,$GB$1:$GB$102,1)+1,1)) -> 73 | AI24: =MOD(AH24-1,9)+1 -> 1 | AJ24: =INDEX($AH$2:$AQ$11,MATCH(AI24,$AH$2:$AQ$2,0),MATCH($AJ$16,$AH$2:$AH$11,0)) -> G | AK24: =INDEX($AH$2:$AQ$11,MATCH(AI24,$AH$2:$AQ$2,0),MATCH($AK$16,$AH$2:$AH$11,0)) -> G | GB24: 23 | GC24: S | GH24: A | GI24: B | GJ24: C | GK24: D | GL24: E | GM24: U | GN24: O | GO24: F | GR24: L | GS24: 3 | GU24: 11 | GV24: X | HG24: 43842 | HH24: =TEXT(HG24,"DD-MMM") -> 12-Jan | HI24: Capricorn | HJ24: Earth | HK24: =HI24&" - "&HJ24 -> Capricorn - Earth
AA25: 8 | AB25: =IF(ISERROR(INDEX(GB:GB,MATCH(AB24,$GB$1:$GB$102,1)+1,1)),"",INDEX(GB:GB,MATCH(AB24,$GB$1:$GB$102,1)+1,1)) -> 25 | AC25: =MOD(AB25-1,9)+1 -> 7 | AD25: =INDEX($AH$2:$AQ$11,MATCH(AC25,$AH$2:$AQ$2,0),MATCH($AD$16,$AH$2:$AH$11,0)) -> VG | AE25: =INDEX($AH$2:$AQ$11,MATCH(AC25,$AH$2:$AQ$2,0),MATCH($AE$16,$AH$2:$AH$11,0)) -> VG | AG25: 8 | AH25: =IF(ISERROR(INDEX(GB:GB,MATCH(AH24,$GB$1:$GB$102,1)+1,1)),"",INDEX(GB:GB,MATCH(AH24,$GB$1:$GB$102,1)+1,1)) -> 75 | AI25: =MOD(AH25-1,9)+1 -> 3 | AJ25: =INDEX($AH$2:$AQ$11,MATCH(AI25,$AH$2:$AQ$2,0),MATCH($AJ$16,$AH$2:$AH$11,0)) -> G | AK25: =INDEX($AH$2:$AQ$11,MATCH(AI25,$AH$2:$AQ$2,0),MATCH($AK$16,$AH$2:$AH$11,0)) -> G | GB25: 24 | GC25: S | GH25: I | GI25: K | GJ25: G | GK25: M | GL25: H | GM25: V | GN25: Z | GO25: P | GR25: M | GS25: 4 | GU25: 12 | GV25: √ | HG25: 43843 | HH25: =TEXT(HG25,"DD-MMM") -> 13-Jan | HI25: Capricorn | HJ25: Earth | HK25: =HI25&" - "&HJ25 -> Capricorn - Earth
AA26: 9 | AB26: =IF(ISERROR(INDEX(GB:GB,MATCH(AB25,$GB$1:$GB$102,1)+1,1)),"",INDEX(GB:GB,MATCH(AB25,$GB$1:$GB$102,1)+1,1)) -> 27 | AC26: =MOD(AB26-1,9)+1 -> 9 | AD26: =INDEX($AH$2:$AQ$11,MATCH(AC26,$AH$2:$AQ$2,0),MATCH($AD$16,$AH$2:$AH$11,0)) -> A | AE26: =INDEX($AH$2:$AQ$11,MATCH(AC26,$AH$2:$AQ$2,0),MATCH($AE$16,$AH$2:$AH$11,0)) -> A | AG26: 9 | AH26: =IF(ISERROR(INDEX(GB:GB,MATCH(AH25,$GB$1:$GB$102,1)+1,1)),"",INDEX(GB:GB,MATCH(AH25,$GB$1:$GB$102,1)+1,1)) -> 77 | AI26: =MOD(AH26-1,9)+1 -> 5 | AJ26: =INDEX($AH$2:$AQ$11,MATCH(AI26,$AH$2:$AQ$2,0),MATCH($AJ$16,$AH$2:$AH$11,0)) -> F | AK26: =INDEX($AH$2:$AQ$11,MATCH(AI26,$AH$2:$AQ$2,0),MATCH($AK$16,$AH$2:$AH$11,0)) -> F | GB26: 25 | GC26: G | GH26: J | GI26: R | GJ26: L | GK26: T | GL26: N | GM26: W | GR26: N | GS26: 5 | GU26: 13 | GV26: √ | HG26: 43844 | HH26: =TEXT(HG26,"DD-MMM") -> 14-Jan | HI26: Capricorn | HJ26: Earth | HK26: =HI26&" - "&HJ26 -> Capricorn - Earth
Q27: No | R27: KL | S27: MKL | U27: HP | AA27: 10 | AB27: =IF(ISERROR(INDEX(GB:GB,MATCH(AB26,$GB$1:$GB$102,1)+1,1)),"",INDEX(GB:GB,MATCH(AB26,$GB$1:$GB$102,1)+1,1)) -> 30 | AC27: =MOD(AB27-1,9)+1 -> 3 | AD27: =INDEX($AH$2:$AQ$11,MATCH(AC27,$AH$2:$AQ$2,0),MATCH($AD$16,$AH$2:$AH$11,0)) -> G | AE27: =INDEX($AH$2:$AQ$11,MATCH(AC27,$AH$2:$AQ$2,0),MATCH($AE$16,$AH$2:$AH$11,0)) -> G | AG27: 10 | AH27: =IF(ISERROR(INDEX(GB:GB,MATCH(AH26,$GB$1:$GB$102,1)+1,1)),"",INDEX(GB:GB,MATCH(AH26,$GB$1:$GB$102,1)+1,1)) -> 78 | AI27: =MOD(AH27-1,9)+1 -> 6 | AJ27: =INDEX($AH$2:$AQ$11,MATCH(AI27,$AH$2:$AQ$2,0),MATCH($AJ$16,$AH$2:$AH$11,0)) -> G | AK27: =INDEX($AH$2:$AQ$11,MATCH(AI27,$AH$2:$AQ$2,0),MATCH($AK$16,$AH$2:$AH$11,0)) -> G | GB27: 27 | GC27: G | GH27: Q | GJ27: S | GL27: X | GR27: O | GS27: 7 | GU27: 14 | GV27: √ | HG27: 43845 | HH27: =TEXT(HG27,"DD-MMM") -> 15-Jan | HI27: Capricorn | HJ27: Earth | HK27: =HI27&" - "&HJ27 -> Capricorn - Earth
Q28: 1 | R28: =MasterTables!CF42 -> 0 | S28: =MasterTables!CG42 -> 0 | U28: =MasterTables!BX42 -> 2 | GB28: 30 | GC28: S | GH28: Y | GR28: P | GS28: 8 | GU28: 15 | GV28: √ | HG28: 43846 | HH28: =TEXT(HG28,"DD-MMM") -> 16-Jan | HI28: Capricorn | HJ28: Earth | HK28: =HI28&" - "&HJ28 -> Capricorn - Earth
A29: Option 1 | M29: Op 1. Aspects / Compatibility | Q29: 2 | R29: =MasterTables!CF43 -> 0 | S29: =MasterTables!CG43 -> 0 | U29: =MasterTables!BX43 -> 1 | GB29: 32 | GC29: G | GR29: Q | GS29: 1 | GU29: 16 | GV29: X | GY29: Vowels | GZ29: a | HA29: e | HB29: i | HC29: o | HD29: u | HG29: 43847 | HH29: =TEXT(HG29,"DD-MMM") -> 17-Jan | HI29: Capricorn | HJ29: Earth | HK29: =HI29&" - "&HJ29 -> Capricorn - Earth
A30: First Name | B30: KAAMLESH | D30: =MasterTables!AM13 -> 24 | E30: =IF(D30<10,D30,((LEFT(D30,1))+(RIGHT(D30,1)))) -> 6 | F30: FN | G30: =MasterTables!AP13 -> * | J30: Core 1 | M30: With BD | N30: With LP | Q30: 3 | R30: =MasterTables!CF44 -> 0 | S30: =MasterTables!CG44 -> 0 | U30: =MasterTables!BX44 -> 2 | GB30: 33 | GC30: G | GR30: R | GS30: 2 | GU30: 17 | GV30: √ | GY30: Vowels | GZ30: a | HA30: e | HB30: i | HC30: o | HD30: u | HG30: 43848 | HH30: =TEXT(HG30,"DD-MMM") -> 18-Jan | HI30: Capricorn | HJ30: Earth | HK30: =HI30&" - "&HJ30 -> Capricorn - Earth
A31: Middle Name | D31: =MasterTables!AM15 -> 0 | E31: =IF(D31<10,D31,((LEFT(D31,1))+(RIGHT(D31,1)))) -> 0 | J31: BD | L31: =C6 -> 2 | M31: =IF(N5<=35,"Active",0) -> 0 | N31: =IF(N5>35,"Active",0) -> Active | Q31: 4 | R31: =MasterTables!CF45 -> 0 | S31: =MasterTables!CG45 -> 0 | U31: =MasterTables!BX45 -> 1 | GB31: 34 | GC31: S | GR31: S | GS31: 3 | GU31: 18 | GV31: X | GZ31: 1 | HA31: 5 | HB31: 1 | HC31: 7 | HD31: 6 | HG31: 43849 | HH31: =TEXT(HG31,"DD-MMM") -> 19-Jan | HI31: Capricorn | HJ31: Earth | HK31: =HI31&" - "&HJ31 -> Capricorn - Earth
A32: Last Name | D32: =MasterTables!AM17 -> 0 | E32: =IF(D32<10,D32,((LEFT(D32,1))+(RIGHT(D32,1)))) -> 0 | J32: LP | L32: =C7 -> 2 | Q32: 5 | R32: =MasterTables!CF46 -> 0 | S32: =MasterTables!CG46 -> 0 | U32: =MasterTables!BX46 -> 2 | GB32: 36 | GC32: G | GR32: T | GS32: 4 | GU32: 19 | GV32: * | HG32: 43850 | HH32: =TEXT(HG32,"DD-MMM") -> 20-Jan | HI32: Aquarius | HJ32: Air | HK32: =HI32&" - "&HJ32 -> Aquarius - Air
D33: =SUM(D30:D32) -> 24 | E33: =SUM(E30:E32) -> 6 | F33: EXP | G33: =MasterTables!AP18 -> * | J33: FN | K33: =D30 -> 24 | L33: =MOD(K33-1,9)+1 -> 6 | M33: =INDEX($AH$2:$AQ$11,MATCH(L33,$AH$2:$AQ$2,0),MATCH($L$31,$AH$2:$AH$11,0)) -> G | N33: =INDEX($AH$2:$AQ$11,MATCH(L33,$AH$2:$AQ$2,0),MATCH($L$32,$AH$2:$AH$11,0)) -> G | Q33: 6 | R33: =MasterTables!CF47 -> 0 | S33: =MasterTables!CG47 -> 6 | U33: =MasterTables!BX47 -> 0 | GB33: 37 | GC33: G | GR33: U | GS33: 6 | GU33: 20 | GV33: √ | GX33: FN Vowel | GY33: =(GZ33*GZ34)+(HA33*HA34)+(HB33*HB34)+(HC33*HC34)+(HD33*HD34) -> 0 | GZ33: =IFERROR((HLOOKUP(GZ30,C35:T36,2,0)),0) -> 0 | HA33: =IFERROR((HLOOKUP(HA30,C35:T36,2,0)),0) -> 0 | HB33: =IFERROR((HLOOKUP(HB30,C35:T36,2,0)),0) -> 0 | HC33: =IFERROR((HLOOKUP(HC30,C35:T36,2,0)),0) -> 0 | HD33: =IFERROR((HLOOKUP(HD30,C35:T36,2,0)),0) -> 0 | HG33: 43851 | HH33: =TEXT(HG33,"DD-MMM") -> 21-Jan | HI33: Aquarius | HJ33: Air | HK33: =HI33&" - "&HJ33 -> Aquarius - Air
J34: EXP | K34: =D33 -> 24 | L34: =MOD(K34-1,9)+1 -> 6 | M34: =INDEX($AH$2:$AQ$11,MATCH(L34,$AH$2:$AQ$2,0),MATCH($L$31,$AH$2:$AH$11,0)) -> G | N34: =INDEX($AH$2:$AQ$11,MATCH(L34,$AH$2:$AQ$2,0),MATCH($L$32,$AH$2:$AH$11,0)) -> G | Q34: 7 | R34: =MasterTables!CF48 -> 0 | S34: =MasterTables!CG48 -> 7 | U34: =MasterTables!BX48 -> 0 | GB34: 38 | GC34: S | GR34: V | GS34: 6 | GU34: 21 | GV34: * | GZ34: =COUNTIFS(C35:T35,GZ30) -> 0 | HA34: =COUNTIFS(C35:T35,HA30) -> 0 | HB34: =COUNTIFS(C35:T35,HB30) -> 0 | HC34: =COUNTIFS(C35:T35,HC30) -> 0 | HD34: =COUNTIFS(C35:T35,HD30) -> 0 | HG34: 43852 | HH34: =TEXT(HG34,"DD-MMM") -> 22-Jan | HI34: Aquarius | HJ34: Air | HK34: =HI34&" - "&HJ34 -> Aquarius - Air
D35: Maturity No. | E35: =IF($N$5>35,(MOD(L32+L34-1,9)+1),0) -> 8 | J35: SU | K35: =MasterTables!AQ19 -> 7 | L35: =MOD(K35-1,9)+1 -> 7 | M35: =INDEX($AH$2:$AQ$11,MATCH(L35,$AH$2:$AQ$2,0),MATCH($L$31,$AH$2:$AH$11,0)) -> VG | N35: =INDEX($AH$2:$AQ$11,MATCH(L35,$AH$2:$AQ$2,0),MATCH($L$32,$AH$2:$AH$11,0)) -> VG | Q35: 8 | R35: =MasterTables!CF49 -> 0 | S35: =MasterTables!CG49 -> 8 | U35: =MasterTables!BX49 -> 0 | GB35: 39 | GC35: S | GR35: W | GS35: 6 | GU35: 22 | GV35: X | HG35: 43853 | HH35: =TEXT(HG35,"DD-MMM") -> 23-Jan | HI35: Aquarius | HJ35: Air | HK35: =HI35&" - "&HJ35 -> Aquarius - Air
J36: SS | K36: =K34-K35 -> 17 | L36: =MOD(K36-1,9)+1 -> 8 | M36: =INDEX($AH$2:$AQ$11,MATCH(L36,$AH$2:$AQ$2,0),MATCH($L$31,$AH$2:$AH$11,0)) -> A | N36: =INDEX($AH$2:$AQ$11,MATCH(L36,$AH$2:$AQ$2,0),MATCH($L$32,$AH$2:$AH$11,0)) -> A | Q36: 9 | R36: =MasterTables!CF50 -> 9 | S36: =MasterTables!CG50 -> 0 | U36: =MasterTables!BX50 -> 0 | GB36: 41 | GC36: G | GR36: X | GS36: 5 | GU36: 23 | GV36: * | GX36: MN Vovel | GY36: =(GZ36*GZ37)+(HA36*HA37)+(HB36*HB37)+(HC36*HC37)+(HD36*HD37) -> 0 | GZ36: =IFERROR((HLOOKUP(GZ30,C37:T38,2,0)),0) -> 0 | HA36: =IFERROR((HLOOKUP(HA30,C37:T38,2,0)),0) -> 0 | HB36: =IFERROR((HLOOKUP(HB30,C37:T38,2,0)),0) -> 0 | HC36: =IFERROR((HLOOKUP(HC30,C37:T38,2,0)),0) -> 0 | HD36: =IFERROR((HLOOKUP(HD30,C37:T38,2,0)),0) -> 0 | HG36: 43854 | HH36: =TEXT(HG36,"DD-MMM") -> 24-Jan | HI36: Aquarius | HJ36: Air | HK36: =HI36&" - "&HJ36 -> Aquarius - Air
GB37: 42 | GC37: G | GR37: Y | GS37: 1 | GU37: 24 | GV37: * | GZ37: =COUNTIFS(C37:T37,GZ30) -> 0 | HA37: =COUNTIFS(C37:T37,HA30) -> 0 | HB37: =COUNTIFS(C37:T37,HB30) -> 0 | HC37: =COUNTIFS(C37:T37,HC30) -> 0 | HD37: =COUNTIFS(C37:T37,HD30) -> 0 | HG37: 43855 | HH37: =TEXT(HG37,"DD-MMM") -> 25-Jan | HI37: Aquarius | HJ37: Air | HK37: =HI37&" - "&HJ37 -> Aquarius - Air
Q38: No | R38: KL | S38: MKL | U38: HP | GB38: 43 | GC38: G | GR38: Z | GS38: 7 | GU38: 25 | GV38: √ | HG38: 43856 | HH38: =TEXT(HG38,"DD-MMM") -> 26-Jan | HI38: Aquarius | HJ38: Air | HK38: =HI38&" - "&HJ38 -> Aquarius - Air
A39: Option 2 | M39: Op2 Aspects / Compatibility | Q39: 1 | R39: =MasterTables!CF63 -> 0 | S39: =MasterTables!CG63 -> 0 | U39: =MasterTables!BX63 -> 5 | GB39: 45 | GC39: S | GR39: 1 | GS39: 1 | GU39: 26 | GV39: X | GX39: LN Vowel | GY39: =(GZ39*GZ40)+(HA39*HA40)+(HB39*HB40)+(HC39*HC40)+(HD39*HD40) -> 0 | GZ39: =IFERROR((HLOOKUP(GZ30,C39:T40,2,0)),0) -> 0 | HA39: =IFERROR((HLOOKUP(HA30,C39:T40,2,0)),0) -> 0 | HB39: =IFERROR((HLOOKUP(HB30,C39:T40,2,0)),0) -> 0 | HC39: =IFERROR((HLOOKUP(HC30,C39:T40,2,0)),0) -> 0 | HD39: =IFERROR((HLOOKUP(HD30,C39:T40,2,0)),0) -> 0 | HG39: 43857 | HH39: =TEXT(HG39,"DD-MMM") -> 27-Jan | HI39: Aquarius | HJ39: Air | HK39: =HI39&" - "&HJ39 -> Aquarius - Air
A40: First Name | B40: KAMLESH | D40: =MasterTables!AM23 -> 23 | E40: =IF(D40<10,D40,((LEFT(D40,1))+(RIGHT(D40,1)))) -> 5 | F40: FN | G40: =MasterTables!AP23 -> * | J40: Core 2 | M40: With BD | N40: With LP | Q40: 2 | R40: =MasterTables!CF64 -> 0 | S40: =MasterTables!CG64 -> 0 | U40: =MasterTables!BX64 -> 1 | GB40: 46 | GC40: S | GR40: 2 | GS40: 2 | GU40: 27 | GV40: √ | GZ40: =COUNTIFS(C39:T39,GZ30) -> 0 | HA40: =COUNTIFS(C39:T39,HA30) -> 0 | HB40: =COUNTIFS(C39:T39,HB30) -> 0 | HC40: =COUNTIFS(C39:T39,HC30) -> 0 | HD40: =COUNTIFS(C39:T39,HD30) -> 0 | HG40: 43858 | HH40: =TEXT(HG40,"DD-MMM") -> 28-Jan | HI40: Aquarius | HJ40: Air | HK40: =HI40&" - "&HJ40 -> Aquarius - Air
A41: Middle Name | B41: VIJAY | D41: =MasterTables!AM25 -> 10 | E41: =IF(D41<10,D41,((LEFT(D41,1))+(RIGHT(D41,1)))) -> 1 | J41: BD | L41: =C6 -> 2 | M41: =IF(N5<=35,"Active",0) -> 0 | N41: =IF(N5>35,"Active",0) -> Active | Q41: 3 | R41: =MasterTables!CF65 -> 0 | S41: =MasterTables!CG65 -> 0 | U41: =MasterTables!BX65 -> 2 | GB41: 47 | GC41: S | GR41: 3 | GS41: 3 | GU41: 28 | GV41: X | HG41: 43859 | HH41: =TEXT(HG41,"DD-MMM") -> 29-Jan | HI41: Aquarius | HJ41: Air | HK41: =HI41&" - "&HJ41 -> Aquarius - Air
A42: Last Name | D42: =MasterTables!AM27 -> 0 | E42: =IF(D42<10,D42,((LEFT(D42,1))+(RIGHT(D42,1)))) -> 0 | J42: LP | L42: =C7 -> 2 | Q42: 4 | R42: =MasterTables!CF66 -> 0 | S42: =MasterTables!CG66 -> 0 | U42: =MasterTables!BX66 -> 1 | GB42: 50 | GC42: S | GR42: 4 | GS42: 4 | GU42: 29 | GV42: X | HG42: 43860 | HH42: =TEXT(HG42,"DD-MMM") -> 30-Jan | HI42: Aquarius | HJ42: Air | HK42: =HI42&" - "&HJ42 -> Aquarius - Air
D43: =SUM(D40:D42) -> 33 | E43: =SUM(E40:E42) -> 6 | F43: EXP | G43: =MasterTables!AP28 -> √ | J43: FN | K43: =D40 -> 23 | L43: =MOD(K43-1,9)+1 -> 5 | M43: =INDEX($AH$2:$AQ$11,MATCH(L43,$AH$2:$AQ$2,0),MATCH($L$17,$AH$2:$AH$11,0)) -> F | N43: =INDEX($AH$2:$AQ$11,MATCH(L43,$AH$2:$AQ$2,0),MATCH($L$18,$AH$2:$AH$11,0)) -> F | Q43: 5 | R43: =MasterTables!CF67 -> 0 | S43: =MasterTables!CG67 -> 0 | U43: =MasterTables!BX67 -> 2 | GB43: 51 | GC43: S | GR43: 5 | GS43: 5 | GU43: 30 | GV43: * | HG43: 43861 | HH43: =TEXT(HG43,"DD-MMM") -> 31-Jan | HI43: Aquarius | HJ43: Air | HK43: =HI43&" - "&HJ43 -> Aquarius - Air
J44: EXP | K44: =D43 -> 33 | L44: =MOD(K44-1,9)+1 -> 6 | M44: =INDEX($AH$2:$AQ$11,MATCH(L44,$AH$2:$AQ$2,0),MATCH($L$17,$AH$2:$AH$11,0)) -> G | N44: =INDEX($AH$2:$AQ$11,MATCH(L44,$AH$2:$AQ$2,0),MATCH($L$18,$AH$2:$AH$11,0)) -> G | Q44: 6 | R44: =MasterTables!CF68 -> 0 | S44: =MasterTables!CG68 -> 0 | U44: =MasterTables!BX68 -> 1 | GB44: 52 | GC44: S | GR44: 6 | GS44: 6 | GU44: 31 | GV44: X | HG44: 43862 | HH44: =TEXT(HG44,"DD-MMM") -> 01-Feb | HI44: Aquarius | HJ44: Air | HK44: =HI44&" - "&HJ44 -> Aquarius - Air
D45: Maturity No. | E45: =IF($N$5>35,(MOD(L42+L44-1,9)+1),0) -> 8 | J45: SU | K45: =MasterTables!AQ29 -> 8 | L45: =MOD(K45-1,9)+1 -> 8 | M45: =INDEX($AH$2:$AQ$11,MATCH(L45,$AH$2:$AQ$2,0),MATCH($L$17,$AH$2:$AH$11,0)) -> A | N45: =INDEX($AH$2:$AQ$11,MATCH(L45,$AH$2:$AQ$2,0),MATCH($L$18,$AH$2:$AH$11,0)) -> A | Q45: 7 | R45: =MasterTables!CF69 -> 0 | S45: =MasterTables!CG69 -> 7 | U45: =MasterTables!BX69 -> 0 | GB45: 55 | GR45: 7 | GS45: 7 | GU45: 32 | GV45: √ | HG45: 43863 | HH45: =TEXT(HG45,"DD-MMM") -> 02-Feb | HI45: Aquarius | HJ45: Air | HK45: =HI45&" - "&HJ45 -> Aquarius - Air
J46: SS | K46: =K44-K45 -> 25 | L46: =MOD(K46-1,9)+1 -> 7 | M46: =INDEX($AH$2:$AQ$11,MATCH(L46,$AH$2:$AQ$2,0),MATCH($L$17,$AH$2:$AH$11,0)) -> VG | N46: =INDEX($AH$2:$AQ$11,MATCH(L46,$AH$2:$AQ$2,0),MATCH($L$18,$AH$2:$AH$11,0)) -> VG | Q46: 8 | R46: =MasterTables!CF70 -> 0 | S46: =MasterTables!CG70 -> 8 | U46: =MasterTables!BX70 -> 0 | GB46: 57 | GR46: 8 | GS46: 8 | GU46: 33 | GV46: √ | HG46: 43864 | HH46: =TEXT(HG46,"DD-MMM") -> 03-Feb | HI46: Aquarius | HJ46: Air | HK46: =HI46&" - "&HJ46 -> Aquarius - Air
Q47: 9 | R47: =MasterTables!CF71 -> 9 | S47: =MasterTables!CG71 -> 0 | U47: =MasterTables!BX71 -> 0 | GB47: 59 | GR47: 9 | GS47: 9 | GU47: 34 | GV47: * | HG47: 43865 | HH47: =TEXT(HG47,"DD-MMM") -> 04-Feb | HI47: Aquarius | HJ47: Air | HK47: =HI47&" - "&HJ47 -> Aquarius - Air
GB48: 60 | GR48: 0 | GS48: 0 | GU48: 35 | GV48: X | HG48: 43866 | HH48: =TEXT(HG48,"DD-MMM") -> 05-Feb | HI48: Aquarius | HJ48: Air | HK48: =HI48&" - "&HJ48 -> Aquarius - Air
Q49: No | R49: KL | S49: MKL | U49: HP | GB49: 64 | GU49: 36 | GV49: √ | HG49: 43867 | HH49: =TEXT(HG49,"DD-MMM") -> 06-Feb | HI49: Aquarius | HJ49: Air | HK49: =HI49&" - "&HJ49 -> Aquarius - Air
A50: Option 3 | M50: Op3 Aspects / Compatibility | Q50: 1 | R50: =MasterTables!CF83 -> 1 | S50: =MasterTables!CG83 -> 0 | U50: =MasterTables!BX83 -> 0 | GB50: 66 | GU50: 37 | GV50: √ | HG50: 43868 | HH50: =TEXT(HG50,"DD-MMM") -> 07-Feb | HI50: Aquarius | HJ50: Air | HK50: =HI50&" - "&HJ50 -> Aquarius - Air
A51: First Name | D51: =MasterTables!AM33 -> 0 | E51: =IF(D51<10,D51,((LEFT(D51,1))+(RIGHT(D51,1)))) -> 0 | F51: FN | G51: =MasterTables!AP33 -> #N/A | J51: Core 3 | M51: With BD | N51: With LP | Q51: 2 | R51: =MasterTables!CF84 -> 0 | S51: =MasterTables!CG84 -> 2 | U51: =MasterTables!BX84 -> 0 | GB51: 68 | GU51: 38 | GV51: * | HG51: 43869 | HH51: =TEXT(HG51,"DD-MMM") -> 08-Feb | HI51: Aquarius | HJ51: Air | HK51: =HI51&" - "&HJ51 -> Aquarius - Air
A52: Middle Name | D52: =MasterTables!AM35 -> 0 | E52: =IF(D52<10,D52,((LEFT(D52,1))+(RIGHT(D52,1)))) -> 0 | J52: BD | L52: =C6 -> 2 | M52: =IF(N5<=35,"Active",0) -> 0 | N52: =IF(N5>35,"Active",0) -> Active | Q52: 3 | R52: =MasterTables!CF85 -> 3 | S52: =MasterTables!CG85 -> 0 | U52: =MasterTables!BX85 -> 0 | GB52: 69 | GU52: 39 | GV52: * | HG52: 43870 | HH52: =TEXT(HG52,"DD-MMM") -> 09-Feb | HI52: Aquarius | HJ52: Air | HK52: =HI52&" - "&HJ52 -> Aquarius - Air
A53: Last Name | D53: =MasterTables!AM37 -> 0 | E53: =IF(D53<10,D53,((LEFT(D53,1))+(RIGHT(D53,1)))) -> 0 | J53: LP | L53: =C7 -> 2 | Q53: 4 | R53: =MasterTables!CF86 -> 4 | S53: =MasterTables!CG86 -> 0 | U53: =MasterTables!BX86 -> 0 | GB53: 73 | GU53: 40 | GV53: X | HG53: 43871 | HH53: =TEXT(HG53,"DD-MMM") -> 10-Feb | HI53: Aquarius | HJ53: Air | HK53: =HI53&" - "&HJ53 -> Aquarius - Air
D54: =SUM(D51:D53) -> 0 | E54: =SUM(E51:E53) -> 0 | F54: EXP | G54: =MasterTables!AP38 -> #N/A | J54: FN | K54: =D51 -> 0 | L54: =MOD(K54-1,9)+1 -> 9 | M54: =INDEX($AH$2:$AQ$11,MATCH(L54,$AH$2:$AQ$2,0),MATCH($L$17,$AH$2:$AH$11,0)) -> A | N54: =INDEX($AH$2:$AQ$11,MATCH(L54,$AH$2:$AQ$2,0),MATCH($L$18,$AH$2:$AH$11,0)) -> A | Q54: 5 | R54: =MasterTables!CF87 -> 5 | S54: =MasterTables!CG87 -> 0 | U54: =MasterTables!BX87 -> 0 | GB54: 75 | GU54: 41 | GV54: √ | HG54: 43872 | HH54: =TEXT(HG54,"DD-MMM") -> 11-Feb | HI54: Aquarius | HJ54: Air | HK54: =HI54&" - "&HJ54 -> Aquarius - Air
J55: EXP | K55: =D54 -> 0 | L55: =MOD(K55-1,9)+1 -> 9 | M55: =INDEX($AH$2:$AQ$11,MATCH(L55,$AH$2:$AQ$2,0),MATCH($L$17,$AH$2:$AH$11,0)) -> A | N55: =INDEX($AH$2:$AQ$11,MATCH(L55,$AH$2:$AQ$2,0),MATCH($L$18,$AH$2:$AH$11,0)) -> A | Q55: 6 | R55: =MasterTables!CF88 -> 6 | S55: =MasterTables!CG88 -> 0 | U55: =MasterTables!BX88 -> 0 | GB55: 77 | GU55: 42 | GV55: √ | HG55: 43873 | HH55: =TEXT(HG55,"DD-MMM") -> 12-Feb | HI55: Aquarius | HJ55: Air | HK55: =HI55&" - "&HJ55 -> Aquarius - Air
D56: Maturity No. | E56: =IF($N$5>35,(MOD(L53+L55-1,9)+1),0) -> 2 | J56: SU | K56: =MasterTables!AQ39 -> 0 | L56: =MOD(K56-1,9)+1 -> 9 | M56: =INDEX($AH$2:$AQ$11,MATCH(L56,$AH$2:$AQ$2,0),MATCH($L$17,$AH$2:$AH$11,0)) -> A | N56: =INDEX($AH$2:$AQ$11,MATCH(L56,$AH$2:$AQ$2,0),MATCH($L$18,$AH$2:$AH$11,0)) -> A | Q56: 7 | R56: =MasterTables!CF89 -> 7 | S56: =MasterTables!CG89 -> 0 | U56: =MasterTables!BX89 -> 0 | GB56: 78 | GU56: 43 | GV56: √ | HG56: 43874 | HH56: =TEXT(HG56,"DD-MMM") -> 13-Feb | HI56: Aquarius | HJ56: Air | HK56: =HI56&" - "&HJ56 -> Aquarius - Air
J57: SS | K57: =K55-K56 -> 0 | L57: =MOD(K57-1,9)+1 -> 9 | M57: =INDEX($AH$2:$AQ$11,MATCH(L57,$AH$2:$AQ$2,0),MATCH($L$17,$AH$2:$AH$11,0)) -> A | N57: =INDEX($AH$2:$AQ$11,MATCH(L57,$AH$2:$AQ$2,0),MATCH($L$18,$AH$2:$AH$11,0)) -> A | Q57: 8 | R57: =MasterTables!CF90 -> 8 | S57: =MasterTables!CG90 -> 0 | U57: =MasterTables!BX90 -> 0 | GB57: 82 | GU57: 44 | GV57: X | HG57: 43875 | HH57: =TEXT(HG57,"DD-MMM") -> 14-Feb | HI57: Aquarius | HJ57: Air | HK57: =HI57&" - "&HJ57 -> Aquarius - Air
Q58: 9 | R58: =MasterTables!CF91 -> 0 | S58: =MasterTables!CG91 -> 9 | U58: =MasterTables!BX91 -> 0 | GB58: 84 | GU58: 45 | GV58: * | HG58: 43876 | HH58: =TEXT(HG58,"DD-MMM") -> 15-Feb | HI58: Aquarius | HJ58: Air | HK58: =HI58&" - "&HJ58 -> Aquarius - Air
GB59: 86 | GU59: 46 | GV59: * | HG59: 43877 | HH59: =TEXT(HG59,"DD-MMM") -> 16-Feb | HI59: Aquarius | HJ59: Air | HK59: =HI59&" - "&HJ59 -> Aquarius - Air
GB60: 87 | GU60: 47 | GV60: * | HG60: 43878 | HH60: =TEXT(HG60,"DD-MMM") -> 17-Feb | HI60: Aquarius | HJ60: Air | HK60: =HI60&" - "&HJ60 -> Aquarius - Air
A61: Challenge | GB61: 91 | GU61: 48 | GV61: X | HG61: 43879 | HH61: =TEXT(HG61,"DD-MMM") -> 18-Feb | HI61: Aquarius | HJ61: Air | HK61: =HI61&" - "&HJ61 -> Aquarius - Air
A62: Challenge 1 | B62: =ABS(C6-F6) -> 1 | C62: =IF(LEN(B62)>1,LEFT(B62,1)+RIGHT(B62,1),B62) -> 1 | D62: 0 to 35 yrs | GB62: 93 | GU62: 49 | GV62: X | HG62: 43880 | HH62: =TEXT(HG62,"DD-MMM") -> 19-Feb | HI62: Pisces | HJ62: Water | HK62: =HI62&" - "&HJ62 -> Pisces - Water
A63: Challenge 2 | B63: =ABS(C6-I6) -> 6 | C63: =IF(LEN(B63)>1,LEFT(B63,1)+RIGHT(B63,1),B63) -> 6 | D63: 35 to 55 yrs | GB63: 96 | GU63: 50 | GV63: * | HG63: 43881 | HH63: =TEXT(HG63,"DD-MMM") -> 20-Feb | HI63: Pisces | HJ63: Water | HK63: =HI63&" - "&HJ63 -> Pisces - Water
A64: Challenge 3 | B64: =ABS(B62-B63) -> 5 | C64: =IF(LEN(B64)>1,LEFT(B64,1)+RIGHT(B64,1),B64) -> 5 | D64: Birth to Death | GB64: 100 | GU64: 51 | GV64: * | HG64: 43882 | HH64: =TEXT(HG64,"DD-MMM") -> 21-Feb | HI64: Pisces | HJ64: Water | HK64: =HI64&" - "&HJ64 -> Pisces - Water
A65: Challenge 4 | B65: =ABS(F6-I6) -> 7 | C65: =IF(LEN(B65)>1,LEFT(B65,1)+RIGHT(B65,1),B65) -> 7 | D65: 55 till Death | GU65: 52 | GV65: * | HG65: 43883 | HH65: =TEXT(HG65,"DD-MMM") -> 22-Feb | HI65: Pisces | HJ65: Water | HK65: =HI65&" - "&HJ65 -> Pisces - Water
HG66: 43884 | HH66: =TEXT(HG66,"DD-MMM") -> 23-Feb | HI66: Pisces | HJ66: Water | HK66: =HI66&" - "&HJ66 -> Pisces - Water
A67: Pinacale | D67: From | E67: To | HG67: 43885 | HH67: =TEXT(HG67,"DD-MMM") -> 24-Feb | HI67: Pisces | HJ67: Water | HK67: =HI67&" - "&HJ67 -> Pisces - Water
A68: P1 | B68: =ABS(C6+F6) -> 3 | C68: =MOD(B68-1,9)+1 -> 3 | D68: 0 | E68: =36-C7 -> 34 | HG68: 43886 | HH68: =TEXT(HG68,"DD-MMM") -> 25-Feb | HI68: Pisces | HJ68: Water | HK68: =HI68&" - "&HJ68 -> Pisces - Water
A69: P2 | B69: =ABS(C6+I6) -> 10 | C69: =MOD(B69-1,9)+1 -> 1 | D69: =IF(C7=1,36,IF(C7=2,35,IF(C7=3,34,IF(C7=4,33,IF(C7=5,32,IF(C7=6,31,IF(C7=7,30,IF(C7=8,29,IF(C7=9,28,0))))))))) -> 35 | E69: =IF(C7=1,44,IF(C7=2,43,IF(C7=3,42,IF(C7=4,41,IF(C7=5,40,IF(C7=6,39,IF(C7=7,38,IF(C7=8,37,IF(C7=9,36,0))))))))) -> 43 | HG69: 43887 | HH69: =TEXT(HG69,"DD-MMM") -> 26-Feb | HI69: Pisces | HJ69: Water | HK69: =HI69&" - "&HJ69 -> Pisces - Water
A70: P3 | B70: =ABS(B68+B69) -> 13 | C70: =MOD(B70-1,9)+1 -> 4 | D70: =E69+1 -> 44 | E70: =IF(C7=1,53,IF(C7=2,52,IF(C7=3,51,IF(C7=4,50,IF(C7=5,49,IF(C7=6,48,IF(C7=7,47,IF(C7=8,46,IF(C7=9,45,0))))))))) -> 52 | GU70: House No | GV70: Rank | HG70: 43888 | HH70: =TEXT(HG70,"DD-MMM") -> 27-Feb | HI70: Pisces | HJ70: Water | HK70: =HI70&" - "&HJ70 -> Pisces - Water
A71: P4 | B71: =ABS(F6+I6) -> 9 | C71: =MOD(B71-1,9)+1 -> 9 | D71: =E70+1 -> 53 | E71: - | GU71: 1 | GV71: * | HG71: 43889 | HH71: =TEXT(HG71,"DD-MMM") -> 28-Feb | HI71: Pisces | HJ71: Water | HK71: =HI71&" - "&HJ71 -> Pisces - Water
GU72: 3 | GV72: * | HG72: 43890 | HH72: =TEXT(HG72,"DD-MMM") -> 29-Feb | HI72: Pisces | HJ72: Water | HK72: =HI72&" - "&HJ72 -> Pisces - Water
GU73: 5 | GV73: * | HG73: 43891 | HH73: =TEXT(HG73,"DD-MMM") -> 01-Mar | HI73: Pisces | HJ73: Water | HK73: =HI73&" - "&HJ73 -> Pisces - Water
A74: Age chart for life path period timing | GU74: 6 | GV74: * | HG74: 43892 | HH74: =TEXT(HG74,"DD-MMM") -> 02-Mar | HI74: Pisces | HJ74: Water | HK74: =HI74&" - "&HJ74 -> Pisces - Water
A75: Life path number | B75: First life path period | D75: Second life path period | F75: Third life path period | GX75: 2 | GY75: √ | HJ75: 43893 | HK75: =TEXT(HJ75,"DD-MMM") -> 03-Mar | HL75: Pisces | HM75: Water | HN75: =HL75&" - "&HM75 -> Pisces - Water
A76: =C7 -> 2 | B76: 0 | G76: till death | GX76: 7 | GY76: √ | HJ76: 43894 | HK76: =TEXT(HJ76,"DD-MMM") -> 04-Mar | HL76: Pisces | HM76: Water | HN76: =HL76&" - "&HM76 -> Pisces - Water
A77: =ABS(MAX(IF(A76>0,A76-1,0))) -> 1 | B77: 0 | G77: till death | GX77: 4 | GY77: X | HJ77: 43895 | HK77: =TEXT(HJ77,"DD-MMM") -> 05-Mar | HL77: Pisces | HM77: Water | HN77: =HL77&" - "&HM77 -> Pisces - Water
A78: =ABS(MAX(IF(A77>0,A77-1,0))) -> 0 | B78: 0 | G78: till death | GX78: 8 | GY78: X | HJ78: 43896 | HK78: =TEXT(HJ78,"DD-MMM") -> 06-Mar | HL78: Pisces | HM78: Water | HN78: =HL78&" - "&HM78 -> Pisces - Water
A79: =ABS(MAX(IF(A78>0,A78-1,0))) -> 0 | B79: 0 | G79: till death | GX79: 9 | GY79: √ | HJ79: 43897 | HK79: =TEXT(HJ79,"DD-MMM") -> 07-Mar | HL79: Pisces | HM79: Water | HN79: =HL79&" - "&HM79 -> Pisces - Water
A80: =ABS(MAX(IF(A79>0,A79-1,0))) -> 0 | B80: 0 | G80: till death | HJ80: 43898 | HK80: =TEXT(HJ80,"DD-MMM") -> 08-Mar | HL80: Pisces | HM80: Water | HN80: =HL80&" - "&HM80 -> Pisces - Water
A81: =ABS(MAX(IF(A80>0,A80-1,0))) -> 0 | B81: 0 | G81: till death | HJ81: 43899 | HK81: =TEXT(HJ81,"DD-MMM") -> 09-Mar | HL81: Pisces | HM81: Water | HN81: =HL81&" - "&HM81 -> Pisces - Water
A82: =ABS(MAX(IF(A81>0,A81-1,0))) -> 0 | B82: 0 | G82: till death | HJ82: 43900 | HK82: =TEXT(HJ82,"DD-MMM") -> 10-Mar | HL82: Pisces | HM82: Water | HN82: =HL82&" - "&HM82 -> Pisces - Water
A83: =ABS(MAX(IF(A82>0,A82-1,0))) -> 0 | B83: 0 | G83: till death | HJ83: 43901 | HK83: =TEXT(HJ83,"DD-MMM") -> 11-Mar | HL83: Pisces | HM83: Water | HN83: =HL83&" - "&HM83 -> Pisces - Water
A84: =ABS(MAX(IF(A83>0,A83-1,0))) -> 0 | B84: 0 | G84: till death | HJ84: 43902 | HK84: =TEXT(HJ84,"DD-MMM") -> 12-Mar | HL84: Pisces | HM84: Water | HN84: =HL84&" - "&HM84 -> Pisces - Water
HH85: 43903 | HI85: =TEXT(HH85,"DD-MMM") -> 13-Mar | HJ85: Pisces | HK85: Water | HL85: =HJ85&" - "&HK85 -> Pisces - Water
G87: cycles | J87: From | K87: To
G88: C1 | H88: =ABS(F6) -> 1 | J88: 0 | K88: =IF(C7=9,C94,IF(C7=8,C95,IF(C7=7,C96,IF(C7=6,C97,IF(C7=5,C98,IF(C7=4,C99,IF(C7=3,C100,IF(C7=2,C101,IF(C7=1,C102,0))))))))) -> 25 | HG88: 43904 | HH88: =TEXT(HG88,"DD-MMM") -> 14-Mar | HI88: Pisces | HJ88: Water | HK88: =HI88&" - "&HJ88 -> Pisces - Water
G89: C2 | H89: =ABS(C6) -> 2 | J89: =IF(C7=9,D94,IF(C7=8,D95,IF(A96=7,D96,IF(C7=6,D97,IF(C7=5,D98,IF(C7=4,D99,IF(C7=3,D100,IF(C7=2,D101,IF(C7=1,D102,0))))))))) -> 30 | K89: =IF(C7=9,E94,IF(C7=8,E95,IF(C7=7,E96,IF(C7=6,E97,IF(C7=5,E98,IF(C7=4,E99,IF(C7=3,E100,IF(C7=2,E101,IF(C7=1,E102,0))))))))) -> 52 | HG89: 43905 | HH89: =TEXT(HG89,"DD-MMM") -> 15-Mar | HI89: Pisces | HJ89: Water | HK89: =HI89&" - "&HJ89 -> Pisces - Water
G90: C3 | H90: =ABS(I5) -> 8 | J90: =IF(C7=9,F94,IF(C7=8,F95,IF(A96=7,F96,IF(C7=6,F97,IF(C7=5,F98,IF(C7=4,F99,IF(C7=3,F100,IF(C7=2,F101,IF(C7=1,F102,0))))))))) -> 57 | K90: till death | HG90: 43906 | HH90: =TEXT(HG90,"DD-MMM") -> 16-Mar | HI90: Pisces | HJ90: Water | HK90: =HI90&" - "&HJ90 -> Pisces - Water
HG91: 43907 | HH91: =TEXT(HG91,"DD-MMM") -> 17-Mar | HI91: Pisces | HJ91: Water | HK91: =HI91&" - "&HJ91 -> Pisces - Water
A92: Age chart for life path period timing | HG92: 43908 | HH92: =TEXT(HG92,"DD-MMM") -> 18-Mar | HI92: Pisces | HJ92: Water | HK92: =HI92&" - "&HJ92 -> Pisces - Water
A93: Life path number | B93: First life path period | D93: Second life path period | F93: Third life path period | HG93: 43909 | HH93: =TEXT(HG93,"DD-MMM") -> 19-Mar | HI93: Pisces | HJ93: Water | HK93: =HI93&" - "&HJ93 -> Pisces - Water
A94: 9 | B94: 0 | C94: 27 | D94: 28 | E94: 54 | F94: 55 | G94: till death | HG94: 43910 | HH94: =TEXT(HG94,"DD-MMM") -> 20-Mar | HI94: Pisces | HJ94: Water | HK94: =HI94&" - "&HJ94 -> Pisces - Water
A95: 8 | B95: 0 | C95: 28 | D95: 29 | E95: 55 | F95: 56 | G95: till death | HG95: 43911 | HH95: =TEXT(HG95,"DD-MMM") -> 21-Mar | HI95: Aries | HJ95: Fire | HK95: =HI95&" - "&HJ95 -> Aries - Fire
A96: 7 | B96: 0 | C96: 29 | D96: 30 | E96: 56 | F96: 57 | G96: till death | HG96: 43912 | HH96: =TEXT(HG96,"DD-MMM") -> 22-Mar | HI96: Aries | HJ96: Fire | HK96: =HI96&" - "&HJ96 -> Aries - Fire
A97: 6 | B97: 0 | C97: 30 | D97: 31 | E97: 57 | F97: 58 | G97: till death | HG97: 43913 | HH97: =TEXT(HG97,"DD-MMM") -> 23-Mar | HI97: Aries | HJ97: Fire | HK97: =HI97&" - "&HJ97 -> Aries - Fire
A98: 5 | B98: 0 | C98: 31 | D98: 32 | E98: 58 | F98: 59 | G98: till death | HG98: 43914 | HH98: =TEXT(HG98,"DD-MMM") -> 24-Mar | HI98: Aries | HJ98: Fire | HK98: =HI98&" - "&HJ98 -> Aries - Fire
A99: 4 | B99: 0 | C99: 23 | D99: 24 | E99: 59 | F99: 60 | G99: till death | HG99: 43915 | HH99: =TEXT(HG99,"DD-MMM") -> 25-Mar | HI99: Aries | HJ99: Fire | HK99: =HI99&" - "&HJ99 -> Aries - Fire
A100: 3 | B100: 0 | C100: 24 | D100: 25 | E100: 51 | F100: 52 | G100: till death | HG100: 43916 | HH100: =TEXT(HG100,"DD-MMM") -> 26-Mar | HI100: Aries | HJ100: Fire | HK100: =HI100&" - "&HJ100 -> Aries - Fire
A101: 2 | B101: 0 | C101: 25 | D101: 26 | E101: 52 | F101: 53 | G101: till death | HG101: 43917 | HH101: =TEXT(HG101,"DD-MMM") -> 27-Mar | HI101: Aries | HJ101: Fire | HK101: =HI101&" - "&HJ101 -> Aries - Fire
...

Sheet Lo-Shu
Z1: Alphabet | AA1: Number
B2: ='Master Calculator'!B16 -> ACHARYA | D2: D | E2: D | G2: M | H2: M | J2: Y | K2: Y | L2: Y | M2: Y | O2: Age | Q2: No | R2: 3 X 3 | V2: Lo Shu | Z2: A | AA2: 1 | AC2: Date | AD2: Type | AE2: Value
B3: Date of Birth | C3: ='Master Calculator'!B2 -> 28884 | D3: =MID(B5,1,1) -> 2 | E3: =MID(B5,2,1) -> 9 | G3: =MID(B5,4,1) -> 0 | H3: =MID(B5,5,1) -> 1 | J3: =MID(B5,7,1) -> 1 | K3: =MID(B5,8,1) -> 9 | L3: =MID(B5,9,1) -> 7 | M3: =MID(B5,10,1) -> 9 | O3: =(TODAY()-C3)/365 -> 46.471233 | Q3: 1 | R3: =COUNTIF(D$3:M$3,Q3)+COUNTIF(C$9:C$11,Q3) -> 2 | X3: Raj Yog 2 | Z3: B | AA3: 2 | AC3: 1 | AD3: Simple | AE3: 0
B4: =TEXT(C3,("DD-MMM")) -> 29-Jan | D4: =D3 -> 2 | E4: =E3 -> 9 | F4: =DAY(C3) -> 29 | G4: =G3 -> 0 | H4: =H3 -> 1 | J4: =J3 -> 1 | K4: =K3 -> 9 | L4: =L3 -> 7 | M4: =M3 -> 9 | Q4: 2 | R4: =COUNTIF(D$3:M$3,Q4)+COUNTIF(C$9:C$11,Q4) -> 3 | U4: Thought | V4: Will | W4: Action | Z4: C | AA4: 3 | AC4: 2 | AD4: Simple | AE4: 0
B5: =TEXT(C3,"DD-MM-YYYY") -> 29-01-1979 | C5: Zodiac & Element | D5: BD | G5: BM | J5: BY | Q5: 3 | R5: =COUNTIF(D$3:M$3,Q5)+COUNTIF(C$9:C$11,Q5) -> 1 | U5: 4 (Rahu) | V5: 9 (Mangal) | W5: 2 (Chandra) | X5: Mental Plane | Z5: D | AA5: 4 | AC5: 3 | AD5: Simple | AE5: 0
C6: =CHOOSE(MATCH(1,(DATEVALUE({"22/12/2011","21/01/2012","20/02/2012","21/03/2012","21/04/2012","22/05/2012","22/06/2012","23/07/2012","23/08/2012","24/09/2012","24/10/2012","23/11/2012","22/12/2012"})<=DATEVALUE(TEXT(C3,"dd/mm/")&"2012"))*(DATEVALUE({"20/01/2012","19/02/2012","20/03/2012","20/04/2012","21/05/2012","21/06/2012","22/07/2012","22/08/2012","23/09/2012","23/10/2012","22/11/2012","21/12/2012","20/01/2013"})>=DATEVALUE(TEXT(C3,"dd/mm/")&"2012")),0),"Capricorn - Earth","Aquarius - Air","Pisces - Water","Aries - Fire","Taurus - Earth","Gemini - Air","Cancer - Water","Leo - Fire","Virgo - Earth","Libra - Air","Scorpio - Water","Sagittarius Fire","Capricorn - Earth") -> Aquarius - Air | D6: =D3+E3 -> 11 | G6: =G3+H3 -> 1 | J6: =J3+K3+L3+M3 -> 26 | Q6: 4 | R6: =COUNTIF(D$3:M$3,Q6)+COUNTIF(C$9:C$11,Q6) -> 0 | U6: =IF(R6<=0,COUNTIF(E7:E8,Q6),R6) -> 0 | V6: =IF(R11<=0,COUNTIF(E7:E8,Q11),R11) -> 3 | W6: =IF(R4<=0,COUNTIF(E7:E8,Q4),R4) -> 3 | Z6: E | AA6: 5 | AC6: 4 | AD6: Simple | AE6: 0
E7: =IF(LEN(D6)>1,LEFT(D6,1)+RIGHT(D6,1),D6) -> 2 | G7: =IF(LEN(G6)>1,LEFT(G6,1)+RIGHT(G6,1),G6) -> 1 | J7: =IF(LEN(J6)>1,LEFT(J6,1)+RIGHT(J6,1),J6) -> 8 | Q7: 5 | R7: =COUNTIF(D$3:M$3,Q7)+COUNTIF(C$9:C$11,Q7) -> 0 | U7: 3 (Guru) | V7: 5 (Budh) | W7: 7 (Ketu) | X7: Emotional Plane | Z7: F | AA7: 8 | AC7: 5 | AD7: Simple | AE7: 0
B8: BD | C8: =MOD((D3+E3)-1,9)+1 -> 2 | D8: =C8 -> 2 | Q8: 6 | R8: =COUNTIF(D$3:M$3,Q8)+COUNTIF(C$9:C$11,Q8) -> 0 | U8: =IF(R5<=0,COUNTIF(E7:E8,Q5),R5) -> 1 | V8: =IF(R7<=0,COUNTIF(E7:E8,Q7),R7) -> 0 | W8: =IF(R9<=0,COUNTIF(E7:E8,Q9),R9) -> 1 | Z8: G | AA8: 3 | AC8: 6 | AD8: Simple | AE8: 0
B9: Date Value | C9: =VLOOKUP(F4,$AC$2:$AE$32,3,0) -> 2 | Q9: 7 | R9: =COUNTIF(D$3:M$3,Q9)+COUNTIF(C$9:C$11,Q9) -> 1 | U9: 8 (Shani) | V9: 1 (Surya) | W9: 6 (Shukr) | X9: Practical Plane | Z9: H | AA9: 5 | AC9: 7 | AD9: Simple | AE9: 0
B10: LP | C10: =MOD((D6+G6+J6)-1,9)+1 -> 2 | D10: =C10 -> 2 | Q10: 8 | R10: =COUNTIF(D$3:M$3,Q10)+COUNTIF(C$9:C$11,Q10) -> 0 | U10: =IF(R10<=0,COUNTIF(E7:E8,Q10),R10) -> 0 | V10: =IF(R3<=0,COUNTIF(E7:E8,Q3),R3) -> 2 | W10: =IF(R8<=0,COUNTIF(E7:E8,Q8),R8) -> 0 | Z10: I | AA10: 1 | AC10: 8 | AD10: Simple | AE10: 0
B11: Adjustment | C11: =C12 -> 3 | Q11: 9 | R11: =COUNTIF(D$3:M$3,Q11)+COUNTIF(C$9:C$11,Q11) -> 3 | X11: Raj Yog 1 | Z11: J | AA11: 1 | AC11: 9 | AD11: Simple | AE11: 0
A12: KUA | B12: ='Master Calculator'!B9 -> female | C12: =IF(B12="Male",MOD((11-J6)-1,9)+1,MOD((J6+4)-1,9)+1) -> 3 | D12: =C12 -> 3 | Z12: K | AA12: 2 | AC12: 10 | AD12: Simple | AE12: 0
T13: Yin & Yang Enegery Table | AA13: 3 | AC13: 11 | AD13: Compound | AE13: 2
A14: Current Name | M14: Old Aspects / Compatibility | T14: 1 | U14: =COUNTIF(D3:$M$3,T14)+COUNTIF($D$8:$D$12,T14) -> 2 | V14: Yang | AA14: 4 | AC14: 12 | AD14: Compound | AE14: 3
A15: First Name | B15: ='Master Calculator'!B16 -> ACHARYA | D15: ='Master Calculator'!D16 -> 14 | E15: ='Master Calculator'!E16 -> 5 | F15: ='Master Calculator'!F16 -> FN | G15: ='Master Calculator'!G16 -> √ | J15: Current | M15: With BD | N15: With LP | T15: 2 | U15: =COUNTIF(D$3:$M3,T15)+COUNTIF($D$8:$D$12,T15) -> 3 | V15: Yin | AA15: 5 | AC15: 13 | AD15: Compound | AE15: 4
A16: Middle Name | B16: ='Master Calculator'!B17 -> KAMLESH | D16: ='Master Calculator'!D17 -> 23 | E16: ='Master Calculator'!E17 -> 5 | J16: BD | L16: ='Master Calculator'!L17 -> 2 | M16: ='Master Calculator'!M17 -> 0 | N16: ='Master Calculator'!N17 -> Active | T16: 3 | U16: =COUNTIF(D$3:$M3,T16)+COUNTIF($D$8:$D$12,T16) -> 1 | V16: Yang | AA16: 7 | AC16: 14 | AD16: Compound | AE16: 5
A17: Last Name | B17: ='Master Calculator'!B18 -> MEENA | D17: ='Master Calculator'!D18 -> 20 | E17: ='Master Calculator'!E18 -> 2 | J17: LP | L17: ='Master Calculator'!L18 -> 2 | T17: 4 | U17: =COUNTIF(D$3:$M3,T17)+COUNTIF($D$8:$D$12,T17) -> 0 | V17: Yin | AA17: 8 | AC17: 15 | AD17: Compound | AE17: 6
D18: ='Master Calculator'!D19 -> 57 | E18: ='Master Calculator'!E19 -> 12 | F18: ='Master Calculator'!F19 -> EXP | G18: ='Master Calculator'!G19 -> √ | J18: FN | K18: ='Master Calculator'!K19 -> 14 | L18: ='Master Calculator'!L19 -> 5 | M18: ='Master Calculator'!M19 -> F | N18: ='Master Calculator'!N19 -> F | T18: 5 | U18: =COUNTIF(D$3:$M3,T18)+COUNTIF($D$8:$D$12,T18) -> 0 | V18: Yang | AA18: 1 | AC18: 16 | AD18: Compound | AE18: 7
J19: EXP | K19: ='Master Calculator'!K20 -> 57 | L19: ='Master Calculator'!L20 -> 3 | M19: ='Master Calculator'!M20 -> G | N19: ='Master Calculator'!N20 -> G | T19: 6 | U19: =COUNTIF(D$3:$M3,T19)+COUNTIF($D$8:$D$12,T19) -> 0 | V19: Yin | AA19: 2 | AC19: 17 | AD19: Compound | AE19: 8
J20: SU | K20: ='Master Calculator'!K21 -> 20 | L20: ='Master Calculator'!L21 -> 2 | M20: ='Master Calculator'!M21 -> E | N20: ='Master Calculator'!N21 -> E | T20: 7 | U20: =COUNTIF(D$3:$M3,T20)+COUNTIF($D$8:$D$12,T20) -> 1 | V20: Yang | AA20: 3 | AC20: 18 | AD20: Compound | AE20: 9
J21: SS | K21: ='Master Calculator'!K22 -> 37 | L21: ='Master Calculator'!L22 -> 1 | M21: ='Master Calculator'!M22 -> G | N21: ='Master Calculator'!N22 -> G | T21: 8 | U21: =COUNTIF(D$3:$M3,T21)+COUNTIF($D$8:$D$12,T21) -> 0 | V21: Yin | AA21: 4 | AC21: 19 | AD21: Compound | AE21: 1
T22: 9 | U22: =COUNTIF(D$3:$M3,T22)+COUNTIF($D$8:$D$12,T22) -> 3 | V22: Yang | AA22: 6 | AC22: 20 | AD22: Simple | AE22: 0
Z23: L | AA23: 6 | AC23: 21 | AD23: Compound | AE23: 3
A24: Option 1 | M24: Old Aspects / Compatibility | U24: Yang | V24: =U14+U16+U18+U20+U22 -> 7 | Z24: M | AA24: 6 | AC24: 22 | AD24: Compound | AE24: 4
A25: First Name | B25: ='Master Calculator'!B30 -> KAAMLESH | D25: ='Master Calculator'!D30 -> 24 | E25: ='Master Calculator'!E30 -> 6 | F25: ='Master Calculator'!F30 -> FN | G25: ='Master Calculator'!G30 -> * | J25: Core 1 | M25: With BD | N25: With LP | U25: Yin | V25: =U15+U17+U19+U21 -> 3 | Z25: N | AA25: 5 | AC25: 23 | AD25: Compound | AE25: 5
A26: Middle Name | B26: ='Master Calculator'!B31 -> 0 | D26: ='Master Calculator'!D31 -> 0 | E26: ='Master Calculator'!E31 -> 0 | J26: BD | L26: ='Master Calculator'!L31 -> 2 | M26: ='Master Calculator'!M31 -> 0 | N26: ='Master Calculator'!N31 -> Active | Z26: O | AA26: 1 | AC26: 24 | AD26: Compound | AE26: 6
A27: Last Name | B27: ='Master Calculator'!B32 -> 0 | D27: ='Master Calculator'!D32 -> 0 | E27: ='Master Calculator'!E32 -> 0 | J27: LP | L27: ='Master Calculator'!L32 -> 2 | Z27: P | AA27: 7 | AC27: 25 | AD27: Compound | AE27: 7
D28: ='Master Calculator'!D33 -> 24 | E28: ='Master Calculator'!E33 -> 6 | F28: ='Master Calculator'!F33 -> EXP | G28: ='Master Calculator'!G33 -> * | J28: FN | K28: ='Master Calculator'!K33 -> 24 | L28: ='Master Calculator'!L33 -> 6 | M28: ='Master Calculator'!M33 -> G | N28: ='Master Calculator'!N33 -> G | Z28: Q | AA28: 1 | AC28: 26 | AD28: Compound | AE28: 8
J29: EXP | K29: ='Master Calculator'!K34 -> 24 | L29: ='Master Calculator'!L34 -> 6 | M29: ='Master Calculator'!M34 -> G | N29: ='Master Calculator'!N34 -> G | Z29: R | AA29: 2 | AC29: 27 | AD29: Compound | AE29: 9
J30: SU | K30: ='Master Calculator'!K35 -> 7 | L30: ='Master Calculator'!L35 -> 7 | M30: ='Master Calculator'!M35 -> VG | N30: ='Master Calculator'!N35 -> VG | Z30: S | AA30: 3 | AC30: 28 | AD30: Compound | AE30: 1
J31: SS | K31: ='Master Calculator'!K36 -> 17 | L31: ='Master Calculator'!L36 -> 8 | M31: ='Master Calculator'!M36 -> A | N31: ='Master Calculator'!N36 -> A | Z31: T | AA31: 4 | AC31: 29 | AD31: Compound | AE31: 2
Z32: U | AA32: 5 | AC32: 30 | AD32: Simple | AE32: 0
A33: Option 2 | M33: Old Aspects / Compatibility | Z33: V | AA33: 6 | AC33: 31 | AD33: Compound | AE33: 4
A34: First Name | B34: ='Master Calculator'!B40 -> KAMLESH | D34: ='Master Calculator'!D40 -> 23 | E34: ='Master Calculator'!E40 -> 5 | F34: ='Master Calculator'!F40 -> FN | G34: ='Master Calculator'!G40 -> * | J34: Core 2 | M34: With BD | N34: With LP | Z34: W | AA34: 7
A35: Middle Name | B35: ='Master Calculator'!B41 -> VIJAY | D35: ='Master Calculator'!D41 -> 10 | E35: ='Master Calculator'!E41 -> 1 | J35: BD | L35: ='Master Calculator'!L41 -> 2 | M35: ='Master Calculator'!M41 -> 0 | N35: ='Master Calculator'!N41 -> Active | Z35: X | AA35: 8
A36: Last Name | B36: ='Master Calculator'!B42 -> 0 | D36: ='Master Calculator'!D42 -> 0 | E36: ='Master Calculator'!E42 -> 0 | J36: LP | L36: ='Master Calculator'!L42 -> 2 | Z36: Y | AA36: 9
D37: ='Master Calculator'!D43 -> 33 | E37: ='Master Calculator'!E43 -> 6 | F37: ='Master Calculator'!F43 -> EXP | G37: ='Master Calculator'!G43 -> √ | J37: FN | K37: ='Master Calculator'!K43 -> 23 | L37: ='Master Calculator'!L43 -> 5 | M37: ='Master Calculator'!M43 -> F | N37: ='Master Calculator'!N43 -> F | Z37: Z | AA37: 0
J38: EXP | K38: ='Master Calculator'!K44 -> 33 | L38: ='Master Calculator'!L44 -> 6 | M38: ='Master Calculator'!M44 -> G | N38: ='Master Calculator'!N44 -> G | Z38: 1
J39: SU | K39: ='Master Calculator'!K45 -> 8 | L39: ='Master Calculator'!L45 -> 8 | M39: ='Master Calculator'!M45 -> A | N39: ='Master Calculator'!N45 -> A | Z39: 2
J40: SS | K40: ='Master Calculator'!K46 -> 25 | L40: ='Master Calculator'!L46 -> 7 | M40: ='Master Calculator'!M46 -> VG | N40: ='Master Calculator'!N46 -> VG | Z40: 3
Z41: 4
A42: Option 3 | M42: Old Aspects / Compatibility | Z42: 5
A43: First Name | B43: ='Master Calculator'!B51 -> 0 | D43: ='Master Calculator'!D51 -> 0 | E43: ='Master Calculator'!E51 -> 0 | F43: ='Master Calculator'!F51 -> FN | G43: ='Master Calculator'!G51 -> #N/A | J43: Core 3 | M43: With BD | N43: With LP | Z43: 6
A44: Middle Name | B44: ='Master Calculator'!B52 -> 0 | D44: ='Master Calculator'!D52 -> 0 | E44: ='Master Calculator'!E52 -> 0 | J44: BD | L44: ='Master Calculator'!L52 -> 2 | M44: ='Master Calculator'!M52 -> 0 | N44: ='Master Calculator'!N52 -> Active | Z44: 7
A45: Last Name | B45: ='Master Calculator'!B53 -> 0 | D45: ='Master Calculator'!D53 -> 0 | E45: ='Master Calculator'!E53 -> 0 | J45: LP | L45: ='Master Calculator'!L53 -> 2 | Z45: 8
D46: ='Master Calculator'!D54 -> 0 | E46: ='Master Calculator'!E54 -> 0 | F46: ='Master Calculator'!F54 -> EXP | G46: ='Master Calculator'!G54 -> #N/A | J46: FN | K46: ='Master Calculator'!K54 -> 0 | L46: ='Master Calculator'!L54 -> 9 | M46: ='Master Calculator'!M54 -> A | N46: ='Master Calculator'!N54 -> A | Z46: 9
J47: EXP | K47: ='Master Calculator'!K55 -> 0 | L47: ='Master Calculator'!L55 -> 9 | M47: ='Master Calculator'!M55 -> A | N47: ='Master Calculator'!N55 -> A | Z47: 0
J48: SU | K48: ='Master Calculator'!K56 -> 0 | L48: ='Master Calculator'!L56 -> 9 | M48: ='Master Calculator'!M56 -> A | N48: ='Master Calculator'!N56 -> A
J49: SS | K49: ='Master Calculator'!K57 -> 0 | L49: ='Master Calculator'!L57 -> 9 | M49: ='Master Calculator'!M57 -> A | N49: ='Master Calculator'!N57 -> A

Sheet Personal Year-Month-Day
R1: Jan | U1: Feb | X1: March | AA1: April | AD1: May | AG1: June | AJ1: July | AM1: Aug | AP1: Sep | AS1: Oct | AV1: Nov | AY1: Dec | CA1: Date | CB1: Date | CC1: Zodiac | CD1: Element | CE1: =CC1&" - "&CD1 -> Zodiac - Element
D2: D | E2: D | G2: M | H2: M | J2: Y | K2: Y | L2: Y | M2: Y | Q2: Personal Month | R2: 1 | S2: =IF(LEN(R2+$F$16)>1,LEFT(R2+$F$16,1)+RIGHT(R2+$F$16,1),R2+$F$16) -> 4 | U2: 2 | V2: =IF(LEN(U2+$F$16)>1,LEFT(U2+$F$16,1)+RIGHT(U2+$F$16,1),U2+$F$16) -> 5 | X2: 3 | Y2: =IF(LEN(X2+$F$16)>1,LEFT(X2+$F$16,1)+RIGHT(X2+$F$16,1),X2+$F$16) -> 6 | AA2: 4 | AB2: =IF(LEN(AA2+$F$16)>1,LEFT(AA2+$F$16,1)+RIGHT(AA2+$F$16,1),AA2+$F$16) -> 7 | AD2: 5 | AE2: =IF(LEN(AD2+$F$16)>1,LEFT(AD2+$F$16,1)+RIGHT(AD2+$F$16,1),AD2+$F$16) -> 8 | AG2: 6 | AH2: =IF(LEN(AG2+$F$16)>1,LEFT(AG2+$F$16,1)+RIGHT(AG2+$F$16,1),AG2+$F$16) -> 9 | AJ2: 7 | AK2: =IF(LEN(AJ2+$F$16)>1,LEFT(AJ2+$F$16,1)+RIGHT(AJ2+$F$16,1),AJ2+$F$16) -> 1 | AM2: 8 | AN2: =IF(LEN(AM2+$F$16)>1,LEFT(AM2+$F$16,1)+RIGHT(AM2+$F$16,1),AM2+$F$16) -> 2 | AP2: 9 | AQ2: =IF(LEN(AP2+$F$16)>1,LEFT(AP2+$F$16,1)+RIGHT(AP2+$F$16,1),AP2+$F$16) -> 3 | AS2: 1 | AT2: =IF(LEN(AS2+$F$16)>1,LEFT(AS2+$F$16,1)+RIGHT(AS2+$F$16,1),AS2+$F$16) -> 4 | AV2: 2 | AW2: =IF(LEN(AV2+$F$16)>1,LEFT(AV2+$F$16,1)+RIGHT(AV2+$F$16,1),AV2+$F$16) -> 5 | AY2: 3 | AZ2: =IF(LEN(AY2+$F$16)>1,LEFT(AY2+$F$16,1)+RIGHT(AY2+$F$16,1),AY2+$F$16) -> 6 | CA2: 43831 | CB2: =TEXT(CA2,"DD-MMM") -> 01-Jan | CC2: Capricorn | CD2: Earth | CE2: =CC2&" - "&CD2 -> Capricorn - Earth
B3: Date of Birth | C3: ='Master Calculator'!B2 -> 28884 | D3: =MID(B5,1,1) -> 2 | E3: =MID(B5,2,1) -> 9 | G3: =MID(B5,4,1) -> 0 | H3: =MID(B5,5,1) -> 1 | J3: =MID(B5,7,1) -> 1 | K3: =MID(B5,8,1) -> 9 | L3: =MID(B5,9,1) -> 7 | M3: =MID(B5,10,1) -> 9 | Q3: Personal Day | R3: 1 | S3: =MOD((IF(LEN(R3+$S$2)>1,LEFT(R3+$S$2,1)+RIGHT(R3+$S$2,1),R3+$S$2))-1,9)+1 -> 5 | U3: 1 | V3: =MOD((IF(LEN(U3+$V$2)>1,LEFT(U3+$V$2,1)+RIGHT(U3+$V$2,1),U3+$V$2))-1,9)+1 -> 6 | X3: 1 | Y3: =MOD((IF(LEN(X3+$Y$2)>1,LEFT(X3+$Y$2,1)+RIGHT(X3+$Y$2,1),X3+$Y$2))-1,9)+1 -> 7 | AA3: 1 | AB3: =MOD((IF(LEN(AA3+$AB$2)>1,LEFT(AA3+$AB$2,1)+RIGHT(AA3+$AB$2,1),AA3+$AB$2))-1,9)+1 -> 8 | AD3: 1 | AE3: =MOD((IF(LEN(AD3+$AE$2)>1,LEFT(AD3+$AE$2,1)+RIGHT(AD3+$AE$2,1),AD3+$AE$2))-1,9)+1 -> 9 | AG3: 1 | AH3: =MOD((IF(LEN(AG3+$AH$2)>1,LEFT(AG3+$AH$2,1)+RIGHT(AG3+$AH$2,1),AG3+$AH$2))-1,9)+1 -> 1 | AJ3: 1 | AK3: =MOD((IF(LEN(AJ3+$AK$2)>1,LEFT(AJ3+$AK$2,1)+RIGHT(AJ3+$AK$2,1),AJ3+$AK$2))-1,9)+1 -> 2 | AM3: 1 | AN3: =MOD((IF(LEN(AM3+$AN$2)>1,LEFT(AM3+$AN$2,1)+RIGHT(AM3+$AN$2,1),AM3+$AN$2))-1,9)+1 -> 3 | AP3: 1 | AQ3: =MOD((IF(LEN(AP3+$AQ$2)>1,LEFT(AP3+$AQ$2,1)+RIGHT(AP3+$AQ$2,1),AP3+$AQ$2))-1,9)+1 -> 4 | AS3: 1 | AT3: =MOD((IF(LEN(AS3+$AT$2)>1,LEFT(AS3+$AT$2,1)+RIGHT(AS3+$AT$2,1),AS3+$AT$2))-1,9)+1 -> 5 | AV3: 1 | AW3: =MOD((IF(LEN(AV3+$AW$2)>1,LEFT(AV3+$AW$2,1)+RIGHT(AV3+$AW$2,1),AV3+$AW$2))-1,9)+1 -> 6 | AY3: 1 | AZ3: =MOD((IF(LEN(AY3+$AZ$2)>1,LEFT(AY3+$AZ$2,1)+RIGHT(AY3+$AZ$2,1),AY3+$AZ$2))-1,9)+1 -> 7 | CA3: 43832 | CB3: =TEXT(CA3,"DD-MMM") -> 02-Jan | CC3: Capricorn | CD3: Earth | CE3: =CC3&" - "&CD3 -> Capricorn - Earth
B4: =TEXT(C3,("DD-MMM")) -> 29-Jan | J4: =J3&K3&L3&M3 -> 1979 | M4: =SUMPRODUCT(1*MID(J4,ROW(INDIRECT("1:"&LEN(J4))),1)) -> 26 | R4: 2 | S4: =MOD((IF(LEN(R4+$S$2)>1,LEFT(R4+$S$2,1)+RIGHT(R4+$S$2,1),R4+$S$2))-1,9)+1 -> 6 | U4: 2 | V4: =MOD((IF(LEN(U4+$V$2)>1,LEFT(U4+$V$2,1)+RIGHT(U4+$V$2,1),U4+$V$2))-1,9)+1 -> 7 | X4: 2 | Y4: =MOD((IF(LEN(X4+$Y$2)>1,LEFT(X4+$Y$2,1)+RIGHT(X4+$Y$2,1),X4+$Y$2))-1,9)+1 -> 8 | AA4: 2 | AB4: =MOD((IF(LEN(AA4+$AB$2)>1,LEFT(AA4+$AB$2,1)+RIGHT(AA4+$AB$2,1),AA4+$AB$2))-1,9)+1 -> 9 | AD4: 2 | AE4: =MOD((IF(LEN(AD4+$AE$2)>1,LEFT(AD4+$AE$2,1)+RIGHT(AD4+$AE$2,1),AD4+$AE$2))-1,9)+1 -> 1 | AG4: 2 | AH4: =MOD((IF(LEN(AG4+$AH$2)>1,LEFT(AG4+$AH$2,1)+RIGHT(AG4+$AH$2,1),AG4+$AH$2))-1,9)+1 -> 2 | AJ4: 2 | AK4: =MOD((IF(LEN(AJ4+$AK$2)>1,LEFT(AJ4+$AK$2,1)+RIGHT(AJ4+$AK$2,1),AJ4+$AK$2))-1,9)+1 -> 3 | AM4: 2 | AN4: =MOD((IF(LEN(AM4+$AN$2)>1,LEFT(AM4+$AN$2,1)+RIGHT(AM4+$AN$2,1),AM4+$AN$2))-1,9)+1 -> 4 | AP4: 2 | AQ4: =MOD((IF(LEN(AP4+$AQ$2)>1,LEFT(AP4+$AQ$2,1)+RIGHT(AP4+$AQ$2,1),AP4+$AQ$2))-1,9)+1 -> 5 | AS4: 2 | AT4: =MOD((IF(LEN(AS4+$AT$2)>1,LEFT(AS4+$AT$2,1)+RIGHT(AS4+$AT$2,1),AS4+$AT$2))-1,9)+1 -> 6 | AV4: 2 | AW4: =MOD((IF(LEN(AV4+$AW$2)>1,LEFT(AV4+$AW$2,1)+RIGHT(AV4+$AW$2,1),AV4+$AW$2))-1,9)+1 -> 7 | AY4: 2 | AZ4: =MOD((IF(LEN(AY4+$AZ$2)>1,LEFT(AY4+$AZ$2,1)+RIGHT(AY4+$AZ$2,1),AY4+$AZ$2))-1,9)+1 -> 8 | CA4: 43833 | CB4: =TEXT(CA4,"DD-MMM") -> 03-Jan | CC4: Capricorn | CD4: Earth | CE4: =CC4&" - "&CD4 -> Capricorn - Earth
B5: =TEXT(C3,"DD-MM-YYYY") -> 29-01-1979 | C5: Zodiac & Element | D5: BD | G5: BM | J5: BY | R5: 3 | S5: =MOD((IF(LEN(R5+$S$2)>1,LEFT(R5+$S$2,1)+RIGHT(R5+$S$2,1),R5+$S$2))-1,9)+1 -> 7 | U5: 3 | V5: =MOD((IF(LEN(U5+$V$2)>1,LEFT(U5+$V$2,1)+RIGHT(U5+$V$2,1),U5+$V$2))-1,9)+1 -> 8 | X5: 3 | Y5: =MOD((IF(LEN(X5+$Y$2)>1,LEFT(X5+$Y$2,1)+RIGHT(X5+$Y$2,1),X5+$Y$2))-1,9)+1 -> 9 | AA5: 3 | AB5: =MOD((IF(LEN(AA5+$AB$2)>1,LEFT(AA5+$AB$2,1)+RIGHT(AA5+$AB$2,1),AA5+$AB$2))-1,9)+1 -> 1 | AD5: 3 | AE5: =MOD((IF(LEN(AD5+$AE$2)>1,LEFT(AD5+$AE$2,1)+RIGHT(AD5+$AE$2,1),AD5+$AE$2))-1,9)+1 -> 2 | AG5: 3 | AH5: =MOD((IF(LEN(AG5+$AH$2)>1,LEFT(AG5+$AH$2,1)+RIGHT(AG5+$AH$2,1),AG5+$AH$2))-1,9)+1 -> 3 | AJ5: 3 | AK5: =MOD((IF(LEN(AJ5+$AK$2)>1,LEFT(AJ5+$AK$2,1)+RIGHT(AJ5+$AK$2,1),AJ5+$AK$2))-1,9)+1 -> 4 | AM5: 3 | AN5: =MOD((IF(LEN(AM5+$AN$2)>1,LEFT(AM5+$AN$2,1)+RIGHT(AM5+$AN$2,1),AM5+$AN$2))-1,9)+1 -> 5 | AP5: 3 | AQ5: =MOD((IF(LEN(AP5+$AQ$2)>1,LEFT(AP5+$AQ$2,1)+RIGHT(AP5+$AQ$2,1),AP5+$AQ$2))-1,9)+1 -> 6 | AS5: 3 | AT5: =MOD((IF(LEN(AS5+$AT$2)>1,LEFT(AS5+$AT$2,1)+RIGHT(AS5+$AT$2,1),AS5+$AT$2))-1,9)+1 -> 7 | AV5: 3 | AW5: =MOD((IF(LEN(AV5+$AW$2)>1,LEFT(AV5+$AW$2,1)+RIGHT(AV5+$AW$2,1),AV5+$AW$2))-1,9)+1 -> 8 | AY5: 3 | AZ5: =MOD((IF(LEN(AY5+$AZ$2)>1,LEFT(AY5+$AZ$2,1)+RIGHT(AY5+$AZ$2,1),AY5+$AZ$2))-1,9)+1 -> 9 | CA5: 43834 | CB5: =TEXT(CA5,"DD-MMM") -> 04-Jan | CC5: Capricorn | CD5: Earth | CE5: =CC5&" - "&CD5 -> Capricorn - Earth
C6: =VLOOKUP(B4,CB:CE,4,0) -> Aquarius - Air | D6: =D3+E3 -> 11 | G6: =G3+H3 -> 1 | J6: =SUMPRODUCT(1*MID(M4,ROW(INDIRECT("1:"&LEN(M4))),1)) -> 8 | R6: 4 | S6: =MOD((IF(LEN(R6+$S$2)>1,LEFT(R6+$S$2,1)+RIGHT(R6+$S$2,1),R6+$S$2))-1,9)+1 -> 8 | U6: 4 | V6: =MOD((IF(LEN(U6+$V$2)>1,LEFT(U6+$V$2,1)+RIGHT(U6+$V$2,1),U6+$V$2))-1,9)+1 -> 9 | X6: 4 | Y6: =MOD((IF(LEN(X6+$Y$2)>1,LEFT(X6+$Y$2,1)+RIGHT(X6+$Y$2,1),X6+$Y$2))-1,9)+1 -> 1 | AA6: 4 | AB6: =MOD((IF(LEN(AA6+$AB$2)>1,LEFT(AA6+$AB$2,1)+RIGHT(AA6+$AB$2,1),AA6+$AB$2))-1,9)+1 -> 2 | AD6: 4 | AE6: =MOD((IF(LEN(AD6+$AE$2)>1,LEFT(AD6+$AE$2,1)+RIGHT(AD6+$AE$2,1),AD6+$AE$2))-1,9)+1 -> 3 | AG6: 4 | AH6: =MOD((IF(LEN(AG6+$AH$2)>1,LEFT(AG6+$AH$2,1)+RIGHT(AG6+$AH$2,1),AG6+$AH$2))-1,9)+1 -> 4 | AJ6: 4 | AK6: =MOD((IF(LEN(AJ6+$AK$2)>1,LEFT(AJ6+$AK$2,1)+RIGHT(AJ6+$AK$2,1),AJ6+$AK$2))-1,9)+1 -> 5 | AM6: 4 | AN6: =MOD((IF(LEN(AM6+$AN$2)>1,LEFT(AM6+$AN$2,1)+RIGHT(AM6+$AN$2,1),AM6+$AN$2))-1,9)+1 -> 6 | AP6: 4 | AQ6: =MOD((IF(LEN(AP6+$AQ$2)>1,LEFT(AP6+$AQ$2,1)+RIGHT(AP6+$AQ$2,1),AP6+$AQ$2))-1,9)+1 -> 7 | AS6: 4 | AT6: =MOD((IF(LEN(AS6+$AT$2)>1,LEFT(AS6+$AT$2,1)+RIGHT(AS6+$AT$2,1),AS6+$AT$2))-1,9)+1 -> 8 | AV6: 4 | AW6: =MOD((IF(LEN(AV6+$AW$2)>1,LEFT(AV6+$AW$2,1)+RIGHT(AV6+$AW$2,1),AV6+$AW$2))-1,9)+1 -> 9 | AY6: 4 | AZ6: =MOD((IF(LEN(AY6+$AZ$2)>1,LEFT(AY6+$AZ$2,1)+RIGHT(AY6+$AZ$2,1),AY6+$AZ$2))-1,9)+1 -> 1 | CA6: 43835 | CB6: =TEXT(CA6,"DD-MMM") -> 05-Jan | CC6: Capricorn | CD6: Earth | CE6: =CC6&" - "&CD6 -> Capricorn - Earth
C7: BD | D7: =IF(LEN(D6)>1,LEFT(D6,1)+RIGHT(D6,1),D6) -> 2 | G7: =IF(LEN(G6)>1,LEFT(G6,1)+RIGHT(G6,1),G6) -> 1 | J7: =SUMPRODUCT(1*MID(J6,ROW(INDIRECT("1:"&LEN(J6))),1)) -> 8 | R7: 5 | S7: =MOD((IF(LEN(R7+$S$2)>1,LEFT(R7+$S$2,1)+RIGHT(R7+$S$2,1),R7+$S$2))-1,9)+1 -> 9 | U7: 5 | V7: =MOD((IF(LEN(U7+$V$2)>1,LEFT(U7+$V$2,1)+RIGHT(U7+$V$2,1),U7+$V$2))-1,9)+1 -> 1 | X7: 5 | Y7: =MOD((IF(LEN(X7+$Y$2)>1,LEFT(X7+$Y$2,1)+RIGHT(X7+$Y$2,1),X7+$Y$2))-1,9)+1 -> 2 | AA7: 5 | AB7: =MOD((IF(LEN(AA7+$AB$2)>1,LEFT(AA7+$AB$2,1)+RIGHT(AA7+$AB$2,1),AA7+$AB$2))-1,9)+1 -> 3 | AD7: 5 | AE7: =MOD((IF(LEN(AD7+$AE$2)>1,LEFT(AD7+$AE$2,1)+RIGHT(AD7+$AE$2,1),AD7+$AE$2))-1,9)+1 -> 4 | AG7: 5 | AH7: =MOD((IF(LEN(AG7+$AH$2)>1,LEFT(AG7+$AH$2,1)+RIGHT(AG7+$AH$2,1),AG7+$AH$2))-1,9)+1 -> 5 | AJ7: 5 | AK7: =MOD((IF(LEN(AJ7+$AK$2)>1,LEFT(AJ7+$AK$2,1)+RIGHT(AJ7+$AK$2,1),AJ7+$AK$2))-1,9)+1 -> 6 | AM7: 5 | AN7: =MOD((IF(LEN(AM7+$AN$2)>1,LEFT(AM7+$AN$2,1)+RIGHT(AM7+$AN$2,1),AM7+$AN$2))-1,9)+1 -> 7 | AP7: 5 | AQ7: =MOD((IF(LEN(AP7+$AQ$2)>1,LEFT(AP7+$AQ$2,1)+RIGHT(AP7+$AQ$2,1),AP7+$AQ$2))-1,9)+1 -> 8 | AS7: 5 | AT7: =MOD((IF(LEN(AS7+$AT$2)>1,LEFT(AS7+$AT$2,1)+RIGHT(AS7+$AT$2,1),AS7+$AT$2))-1,9)+1 -> 9 | AV7: 5 | AW7: =MOD((IF(LEN(AV7+$AW$2)>1,LEFT(AV7+$AW$2,1)+RIGHT(AV7+$AW$2,1),AV7+$AW$2))-1,9)+1 -> 1 | AY7: 5 | AZ7: =MOD((IF(LEN(AY7+$AZ$2)>1,LEFT(AY7+$AZ$2,1)+RIGHT(AY7+$AZ$2,1),AY7+$AZ$2))-1,9)+1 -> 2 | CA7: 43836 | CB7: =TEXT(CA7,"DD-MMM") -> 06-Jan | CC7: Capricorn | CD7: Earth | CE7: =CC7&" - "&CD7 -> Capricorn - Earth
C8: LP | D8: =MOD((D7+G7+J7)-1,9)+1 -> 2 | R8: 6 | S8: =MOD((IF(LEN(R8+$S$2)>1,LEFT(R8+$S$2,1)+RIGHT(R8+$S$2,1),R8+$S$2))-1,9)+1 -> 1 | U8: 6 | V8: =MOD((IF(LEN(U8+$V$2)>1,LEFT(U8+$V$2,1)+RIGHT(U8+$V$2,1),U8+$V$2))-1,9)+1 -> 2 | X8: 6 | Y8: =MOD((IF(LEN(X8+$Y$2)>1,LEFT(X8+$Y$2,1)+RIGHT(X8+$Y$2,1),X8+$Y$2))-1,9)+1 -> 3 | AA8: 6 | AB8: =MOD((IF(LEN(AA8+$AB$2)>1,LEFT(AA8+$AB$2,1)+RIGHT(AA8+$AB$2,1),AA8+$AB$2))-1,9)+1 -> 4 | AD8: 6 | AE8: =MOD((IF(LEN(AD8+$AE$2)>1,LEFT(AD8+$AE$2,1)+RIGHT(AD8+$AE$2,1),AD8+$AE$2))-1,9)+1 -> 5 | AG8: 6 | AH8: =MOD((IF(LEN(AG8+$AH$2)>1,LEFT(AG8+$AH$2,1)+RIGHT(AG8+$AH$2,1),AG8+$AH$2))-1,9)+1 -> 6 | AJ8: 6 | AK8: =MOD((IF(LEN(AJ8+$AK$2)>1,LEFT(AJ8+$AK$2,1)+RIGHT(AJ8+$AK$2,1),AJ8+$AK$2))-1,9)+1 -> 7 | AM8: 6 | AN8: =MOD((IF(LEN(AM8+$AN$2)>1,LEFT(AM8+$AN$2,1)+RIGHT(AM8+$AN$2,1),AM8+$AN$2))-1,9)+1 -> 8 | AP8: 6 | AQ8: =MOD((IF(LEN(AP8+$AQ$2)>1,LEFT(AP8+$AQ$2,1)+RIGHT(AP8+$AQ$2,1),AP8+$AQ$2))-1,9)+1 -> 9 | AS8: 6 | AT8: =MOD((IF(LEN(AS8+$AT$2)>1,LEFT(AS8+$AT$2,1)+RIGHT(AS8+$AT$2,1),AS8+$AT$2))-1,9)+1 -> 1 | AV8: 6 | AW8: =MOD((IF(LEN(AV8+$AW$2)>1,LEFT(AV8+$AW$2,1)+RIGHT(AV8+$AW$2,1),AV8+$AW$2))-1,9)+1 -> 2 | AY8: 6 | AZ8: =MOD((IF(LEN(AY8+$AZ$2)>1,LEFT(AY8+$AZ$2,1)+RIGHT(AY8+$AZ$2,1),AY8+$AZ$2))-1,9)+1 -> 3 | CA8: 43837 | CB8: =TEXT(CA8,"DD-MMM") -> 07-Jan | CC8: Capricorn | CD8: Earth | CE8: =CC8&" - "&CD8 -> Capricorn - Earth
R9: 7 | S9: =MOD((IF(LEN(R9+$S$2)>1,LEFT(R9+$S$2,1)+RIGHT(R9+$S$2,1),R9+$S$2))-1,9)+1 -> 2 | U9: 7 | V9: =MOD((IF(LEN(U9+$V$2)>1,LEFT(U9+$V$2,1)+RIGHT(U9+$V$2,1),U9+$V$2))-1,9)+1 -> 3 | X9: 7 | Y9: =MOD((IF(LEN(X9+$Y$2)>1,LEFT(X9+$Y$2,1)+RIGHT(X9+$Y$2,1),X9+$Y$2))-1,9)+1 -> 4 | AA9: 7 | AB9: =MOD((IF(LEN(AA9+$AB$2)>1,LEFT(AA9+$AB$2,1)+RIGHT(AA9+$AB$2,1),AA9+$AB$2))-1,9)+1 -> 5 | AD9: 7 | AE9: =MOD((IF(LEN(AD9+$AE$2)>1,LEFT(AD9+$AE$2,1)+RIGHT(AD9+$AE$2,1),AD9+$AE$2))-1,9)+1 -> 6 | AG9: 7 | AH9: =MOD((IF(LEN(AG9+$AH$2)>1,LEFT(AG9+$AH$2,1)+RIGHT(AG9+$AH$2,1),AG9+$AH$2))-1,9)+1 -> 7 | AJ9: 7 | AK9: =MOD((IF(LEN(AJ9+$AK$2)>1,LEFT(AJ9+$AK$2,1)+RIGHT(AJ9+$AK$2,1),AJ9+$AK$2))-1,9)+1 -> 8 | AM9: 7 | AN9: =MOD((IF(LEN(AM9+$AN$2)>1,LEFT(AM9+$AN$2,1)+RIGHT(AM9+$AN$2,1),AM9+$AN$2))-1,9)+1 -> 9 | AP9: 7 | AQ9: =MOD((IF(LEN(AP9+$AQ$2)>1,LEFT(AP9+$AQ$2,1)+RIGHT(AP9+$AQ$2,1),AP9+$AQ$2))-1,9)+1 -> 1 | AS9: 7 | AT9: =MOD((IF(LEN(AS9+$AT$2)>1,LEFT(AS9+$AT$2,1)+RIGHT(AS9+$AT$2,1),AS9+$AT$2))-1,9)+1 -> 2 | AV9: 7 | AW9: =MOD((IF(LEN(AV9+$AW$2)>1,LEFT(AV9+$AW$2,1)+RIGHT(AV9+$AW$2,1),AV9+$AW$2))-1,9)+1 -> 3 | AY9: 7 | AZ9: =MOD((IF(LEN(AY9+$AZ$2)>1,LEFT(AY9+$AZ$2,1)+RIGHT(AY9+$AZ$2,1),AY9+$AZ$2))-1,9)+1 -> 4 | CA9: 43838 | CB9: =TEXT(CA9,"DD-MMM") -> 08-Jan | CC9: Capricorn | CD9: Earth | CE9: =CC9&" - "&CD9 -> Capricorn - Earth
R10: 8 | S10: =MOD((IF(LEN(R10+$S$2)>1,LEFT(R10+$S$2,1)+RIGHT(R10+$S$2,1),R10+$S$2))-1,9)+1 -> 3 | U10: 8 | V10: =MOD((IF(LEN(U10+$V$2)>1,LEFT(U10+$V$2,1)+RIGHT(U10+$V$2,1),U10+$V$2))-1,9)+1 -> 4 | X10: 8 | Y10: =MOD((IF(LEN(X10+$Y$2)>1,LEFT(X10+$Y$2,1)+RIGHT(X10+$Y$2,1),X10+$Y$2))-1,9)+1 -> 5 | AA10: 8 | AB10: =MOD((IF(LEN(AA10+$AB$2)>1,LEFT(AA10+$AB$2,1)+RIGHT(AA10+$AB$2,1),AA10+$AB$2))-1,9)+1 -> 6 | AD10: 8 | AE10: =MOD((IF(LEN(AD10+$AE$2)>1,LEFT(AD10+$AE$2,1)+RIGHT(AD10+$AE$2,1),AD10+$AE$2))-1,9)+1 -> 7 | AG10: 8 | AH10: =MOD((IF(LEN(AG10+$AH$2)>1,LEFT(AG10+$AH$2,1)+RIGHT(AG10+$AH$2,1),AG10+$AH$2))-1,9)+1 -> 8 | AJ10: 8 | AK10: =MOD((IF(LEN(AJ10+$AK$2)>1,LEFT(AJ10+$AK$2,1)+RIGHT(AJ10+$AK$2,1),AJ10+$AK$2))-1,9)+1 -> 9 | AM10: 8 | AN10: =MOD((IF(LEN(AM10+$AN$2)>1,LEFT(AM10+$AN$2,1)+RIGHT(AM10+$AN$2,1),AM10+$AN$2))-1,9)+1 -> 1 | AP10: 8 | AQ10: =MOD((IF(LEN(AP10+$AQ$2)>1,LEFT(AP10+$AQ$2,1)+RIGHT(AP10+$AQ$2,1),AP10+$AQ$2))-1,9)+1 -> 2 | AS10: 8 | AT10: =MOD((IF(LEN(AS10+$AT$2)>1,LEFT(AS10+$AT$2,1)+RIGHT(AS10+$AT$2,1),AS10+$AT$2))-1,9)+1 -> 3 | AV10: 8 | AW10: =MOD((IF(LEN(AV10+$AW$2)>1,LEFT(AV10+$AW$2,1)+RIGHT(AV10+$AW$2,1),AV10+$AW$2))-1,9)+1 -> 4 | AY10: 8 | AZ10: =MOD((IF(LEN(AY10+$AZ$2)>1,LEFT(AY10+$AZ$2,1)+RIGHT(AY10+$AZ$2,1),AY10+$AZ$2))-1,9)+1 -> 5 | CA10: 43839 | CB10: =TEXT(CA10,"DD-MMM") -> 09-Jan | CC10: Capricorn | CD10: Earth | CE10: =CC10&" - "&CD10 -> Capricorn - Earth
A11: Today's Date | D11: D | E11: D | G11: M | H11: M | J11: Y | K11: Y | L11: Y | M11: Y | R11: 9 | S11: =MOD((IF(LEN(R11+$S$2)>1,LEFT(R11+$S$2,1)+RIGHT(R11+$S$2,1),R11+$S$2))-1,9)+1 -> 4 | U11: 9 | V11: =MOD((IF(LEN(U11+$V$2)>1,LEFT(U11+$V$2,1)+RIGHT(U11+$V$2,1),U11+$V$2))-1,9)+1 -> 5 | X11: 9 | Y11: =MOD((IF(LEN(X11+$Y$2)>1,LEFT(X11+$Y$2,1)+RIGHT(X11+$Y$2,1),X11+$Y$2))-1,9)+1 -> 6 | AA11: 9 | AB11: =MOD((IF(LEN(AA11+$AB$2)>1,LEFT(AA11+$AB$2,1)+RIGHT(AA11+$AB$2,1),AA11+$AB$2))-1,9)+1 -> 7 | AD11: 9 | AE11: =MOD((IF(LEN(AD11+$AE$2)>1,LEFT(AD11+$AE$2,1)+RIGHT(AD11+$AE$2,1),AD11+$AE$2))-1,9)+1 -> 8 | AG11: 9 | AH11: =MOD((IF(LEN(AG11+$AH$2)>1,LEFT(AG11+$AH$2,1)+RIGHT(AG11+$AH$2,1),AG11+$AH$2))-1,9)+1 -> 9 | AJ11: 9 | AK11: =MOD((IF(LEN(AJ11+$AK$2)>1,LEFT(AJ11+$AK$2,1)+RIGHT(AJ11+$AK$2,1),AJ11+$AK$2))-1,9)+1 -> 1 | AM11: 9 | AN11: =MOD((IF(LEN(AM11+$AN$2)>1,LEFT(AM11+$AN$2,1)+RIGHT(AM11+$AN$2,1),AM11+$AN$2))-1,9)+1 -> 2 | AP11: 9 | AQ11: =MOD((IF(LEN(AP11+$AQ$2)>1,LEFT(AP11+$AQ$2,1)+RIGHT(AP11+$AQ$2,1),AP11+$AQ$2))-1,9)+1 -> 3 | AS11: 9 | AT11: =MOD((IF(LEN(AS11+$AT$2)>1,LEFT(AS11+$AT$2,1)+RIGHT(AS11+$AT$2,1),AS11+$AT$2))-1,9)+1 -> 4 | AV11: 9 | AW11: =MOD((IF(LEN(AV11+$AW$2)>1,LEFT(AV11+$AW$2,1)+RIGHT(AV11+$AW$2,1),AV11+$AW$2))-1,9)+1 -> 5 | AY11: 9 | AZ11: =MOD((IF(LEN(AY11+$AZ$2)>1,LEFT(AY11+$AZ$2,1)+RIGHT(AY11+$AZ$2,1),AY11+$AZ$2))-1,9)+1 -> 6 | CA11: 43840 | CB11: =TEXT(CA11,"DD-MMM") -> 10-Jan | CC11: Capricorn | CD11: Earth | CE11: =CC11&" - "&CD11 -> Capricorn - Earth
A12: =TODAY() -> 45846 | D12: =MID(A13,1,1) -> 0 | E12: =MID(A13,2,1) -> 8 | G12: =MID(A13,4,1) -> 0 | H12: =MID(A13,5,1) -> 7 | J12: =MID(A13,7,1) -> 2 | K12: =MID(A13,8,1) -> 0 | L12: =MID(A13,9,1) -> 2 | M12: =MID(A13,10,1) -> 5 | R12: 10 | S12: =MOD((IF(LEN(R12+$S$2)>1,LEFT(R12+$S$2,1)+RIGHT(R12+$S$2,1),R12+$S$2))-1,9)+1 -> 5 | U12: 10 | V12: =MOD((IF(LEN(U12+$V$2)>1,LEFT(U12+$V$2,1)+RIGHT(U12+$V$2,1),U12+$V$2))-1,9)+1 -> 6 | X12: 10 | Y12: =MOD((IF(LEN(X12+$Y$2)>1,LEFT(X12+$Y$2,1)+RIGHT(X12+$Y$2,1),X12+$Y$2))-1,9)+1 -> 7 | AA12: 10 | AB12: =MOD((IF(LEN(AA12+$AB$2)>1,LEFT(AA12+$AB$2,1)+RIGHT(AA12+$AB$2,1),AA12+$AB$2))-1,9)+1 -> 8 | AD12: 10 | AE12: =MOD((IF(LEN(AD12+$AE$2)>1,LEFT(AD12+$AE$2,1)+RIGHT(AD12+$AE$2,1),AD12+$AE$2))-1,9)+1 -> 9 | AG12: 10 | AH12: =MOD((IF(LEN(AG12+$AH$2)>1,LEFT(AG12+$AH$2,1)+RIGHT(AG12+$AH$2,1),AG12+$AH$2))-1,9)+1 -> 1 | AJ12: 10 | AK12: =MOD((IF(LEN(AJ12+$AK$2)>1,LEFT(AJ12+$AK$2,1)+RIGHT(AJ12+$AK$2,1),AJ12+$AK$2))-1,9)+1 -> 2 | AM12: 10 | AN12: =MOD((IF(LEN(AM12+$AN$2)>1,LEFT(AM12+$AN$2,1)+RIGHT(AM12+$AN$2,1),AM12+$AN$2))-1,9)+1 -> 3 | AP12: 10 | AQ12: =MOD((IF(LEN(AP12+$AQ$2)>1,LEFT(AP12+$AQ$2,1)+RIGHT(AP12+$AQ$2,1),AP12+$AQ$2))-1,9)+1 -> 4 | AS12: 10 | AT12: =MOD((IF(LEN(AS12+$AT$2)>1,LEFT(AS12+$AT$2,1)+RIGHT(AS12+$AT$2,1),AS12+$AT$2))-1,9)+1 -> 5 | AV12: 10 | AW12: =MOD((IF(LEN(AV12+$AW$2)>1,LEFT(AV12+$AW$2,1)+RIGHT(AV12+$AW$2,1),AV12+$AW$2))-1,9)+1 -> 6 | AY12: 10 | AZ12: =MOD((IF(LEN(AY12+$AZ$2)>1,LEFT(AY12+$AZ$2,1)+RIGHT(AY12+$AZ$2,1),AY12+$AZ$2))-1,9)+1 -> 7 | CA12: 43841 | CB12: =TEXT(CA12,"DD-MMM") -> 11-Jan | CC12: Capricorn | CD12: Earth | CE12: =CC12&" - "&CD12 -> Capricorn - Earth
A13: =TEXT(A12,"DD-MM-YYYY") -> 08-07-2025 | D13: =D12+E12 -> 8 | G13: =G12+H12 -> 7 | J13: =J12+K12+L12+M12 -> 9 | R13: 11 | S13: =MOD((IF(LEN(R13+$S$2)>1,LEFT(R13+$S$2,1)+RIGHT(R13+$S$2,1),R13+$S$2))-1,9)+1 -> 6 | U13: 11 | V13: =MOD((IF(LEN(U13+$V$2)>1,LEFT(U13+$V$2,1)+RIGHT(U13+$V$2,1),U13+$V$2))-1,9)+1 -> 7 | X13: 11 | Y13: =MOD((IF(LEN(X13+$Y$2)>1,LEFT(X13+$Y$2,1)+RIGHT(X13+$Y$2,1),X13+$Y$2))-1,9)+1 -> 8 | AA13: 11 | AB13: =MOD((IF(LEN(AA13+$AB$2)>1,LEFT(AA13+$AB$2,1)+RIGHT(AA13+$AB$2,1),AA13+$AB$2))-1,9)+1 -> 9 | AD13: 11 | AE13: =MOD((IF(LEN(AD13+$AE$2)>1,LEFT(AD13+$AE$2,1)+RIGHT(AD13+$AE$2,1),AD13+$AE$2))-1,9)+1 -> 1 | AG13: 11 | AH13: =MOD((IF(LEN(AG13+$AH$2)>1,LEFT(AG13+$AH$2,1)+RIGHT(AG13+$AH$2,1),AG13+$AH$2))-1,9)+1 -> 2 | AJ13: 11 | AK13: =MOD((IF(LEN(AJ13+$AK$2)>1,LEFT(AJ13+$AK$2,1)+RIGHT(AJ13+$AK$2,1),AJ13+$AK$2))-1,9)+1 -> 3 | AM13: 11 | AN13: =MOD((IF(LEN(AM13+$AN$2)>1,LEFT(AM13+$AN$2,1)+RIGHT(AM13+$AN$2,1),AM13+$AN$2))-1,9)+1 -> 4 | AP13: 11 | AQ13: =MOD((IF(LEN(AP13+$AQ$2)>1,LEFT(AP13+$AQ$2,1)+RIGHT(AP13+$AQ$2,1),AP13+$AQ$2))-1,9)+1 -> 5 | AS13: 11 | AT13: =MOD((IF(LEN(AS13+$AT$2)>1,LEFT(AS13+$AT$2,1)+RIGHT(AS13+$AT$2,1),AS13+$AT$2))-1,9)+1 -> 6 | AV13: 11 | AW13: =MOD((IF(LEN(AV13+$AW$2)>1,LEFT(AV13+$AW$2,1)+RIGHT(AV13+$AW$2,1),AV13+$AW$2))-1,9)+1 -> 7 | AY13: 11 | AZ13: =MOD((IF(LEN(AY13+$AZ$2)>1,LEFT(AY13+$AZ$2,1)+RIGHT(AY13+$AZ$2,1),AY13+$AZ$2))-1,9)+1 -> 8 | CA13: 43842 | CB13: =TEXT(CA13,"DD-MMM") -> 12-Jan | CC13: Capricorn | CD13: Earth | CE13: =CC13&" - "&CD13 -> Capricorn - Earth
D14: =IF(LEN(D13)>1,LEFT(D13,1)+RIGHT(D13,1),D13) -> 8 | G14: =IF(LEN(G13)>1,LEFT(G13,1)+RIGHT(G13,1),G13) -> 7 | J14: =IF(LEN(J13)>1,LEFT(J13,1)+RIGHT(J13,1),J13) -> 9 | R14: 12 | S14: =MOD((IF(LEN(R14+$S$2)>1,LEFT(R14+$S$2,1)+RIGHT(R14+$S$2,1),R14+$S$2))-1,9)+1 -> 7 | U14: 12 | V14: =MOD((IF(LEN(U14+$V$2)>1,LEFT(U14+$V$2,1)+RIGHT(U14+$V$2,1),U14+$V$2))-1,9)+1 -> 8 | X14: 12 | Y14: =MOD((IF(LEN(X14+$Y$2)>1,LEFT(X14+$Y$2,1)+RIGHT(X14+$Y$2,1),X14+$Y$2))-1,9)+1 -> 9 | AA14: 12 | AB14: =MOD((IF(LEN(AA14+$AB$2)>1,LEFT(AA14+$AB$2,1)+RIGHT(AA14+$AB$2,1),AA14+$AB$2))-1,9)+1 -> 1 | AD14: 12 | AE14: =MOD((IF(LEN(AD14+$AE$2)>1,LEFT(AD14+$AE$2,1)+RIGHT(AD14+$AE$2,1),AD14+$AE$2))-1,9)+1 -> 2 | AG14: 12 | AH14: =MOD((IF(LEN(AG14+$AH$2)>1,LEFT(AG14+$AH$2,1)+RIGHT(AG14+$AH$2,1),AG14+$AH$2))-1,9)+1 -> 3 | AJ14: 12 | AK14: =MOD((IF(LEN(AJ14+$AK$2)>1,LEFT(AJ14+$AK$2,1)+RIGHT(AJ14+$AK$2,1),AJ14+$AK$2))-1,9)+1 -> 4 | AM14: 12 | AN14: =MOD((IF(LEN(AM14+$AN$2)>1,LEFT(AM14+$AN$2,1)+RIGHT(AM14+$AN$2,1),AM14+$AN$2))-1,9)+1 -> 5 | AP14: 12 | AQ14: =MOD((IF(LEN(AP14+$AQ$2)>1,LEFT(AP14+$AQ$2,1)+RIGHT(AP14+$AQ$2,1),AP14+$AQ$2))-1,9)+1 -> 6 | AS14: 12 | AT14: =MOD((IF(LEN(AS14+$AT$2)>1,LEFT(AS14+$AT$2,1)+RIGHT(AS14+$AT$2,1),AS14+$AT$2))-1,9)+1 -> 7 | AV14: 12 | AW14: =MOD((IF(LEN(AV14+$AW$2)>1,LEFT(AV14+$AW$2,1)+RIGHT(AV14+$AW$2,1),AV14+$AW$2))-1,9)+1 -> 8 | AY14: 12 | AZ14: =MOD((IF(LEN(AY14+$AZ$2)>1,LEFT(AY14+$AZ$2,1)+RIGHT(AY14+$AZ$2,1),AY14+$AZ$2))-1,9)+1 -> 9 | CA14: 43843 | CB14: =TEXT(CA14,"DD-MMM") -> 13-Jan | CC14: Capricorn | CD14: Earth | CE14: =CC14&" - "&CD14 -> Capricorn - Earth
R15: 13 | S15: =MOD((IF(LEN(R15+$S$2)>1,LEFT(R15+$S$2,1)+RIGHT(R15+$S$2,1),R15+$S$2))-1,9)+1 -> 8 | U15: 13 | V15: =MOD((IF(LEN(U15+$V$2)>1,LEFT(U15+$V$2,1)+RIGHT(U15+$V$2,1),U15+$V$2))-1,9)+1 -> 9 | X15: 13 | Y15: =MOD((IF(LEN(X15+$Y$2)>1,LEFT(X15+$Y$2,1)+RIGHT(X15+$Y$2,1),X15+$Y$2))-1,9)+1 -> 1 | AA15: 13 | AB15: =MOD((IF(LEN(AA15+$AB$2)>1,LEFT(AA15+$AB$2,1)+RIGHT(AA15+$AB$2,1),AA15+$AB$2))-1,9)+1 -> 2 | AD15: 13 | AE15: =MOD((IF(LEN(AD15+$AE$2)>1,LEFT(AD15+$AE$2,1)+RIGHT(AD15+$AE$2,1),AD15+$AE$2))-1,9)+1 -> 3 | AG15: 13 | AH15: =MOD((IF(LEN(AG15+$AH$2)>1,LEFT(AG15+$AH$2,1)+RIGHT(AG15+$AH$2,1),AG15+$AH$2))-1,9)+1 -> 4 | AJ15: 13 | AK15: =MOD((IF(LEN(AJ15+$AK$2)>1,LEFT(AJ15+$AK$2,1)+RIGHT(AJ15+$AK$2,1),AJ15+$AK$2))-1,9)+1 -> 5 | AM15: 13 | AN15: =MOD((IF(LEN(AM15+$AN$2)>1,LEFT(AM15+$AN$2,1)+RIGHT(AM15+$AN$2,1),AM15+$AN$2))-1,9)+1 -> 6 | AP15: 13 | AQ15: =MOD((IF(LEN(AP15+$AQ$2)>1,LEFT(AP15+$AQ$2,1)+RIGHT(AP15+$AQ$2,1),AP15+$AQ$2))-1,9)+1 -> 7 | AS15: 13 | AT15: =MOD((IF(LEN(AS15+$AT$2)>1,LEFT(AS15+$AT$2,1)+RIGHT(AS15+$AT$2,1),AS15+$AT$2))-1,9)+1 -> 8 | AV15: 13 | AW15: =MOD((IF(LEN(AV15+$AW$2)>1,LEFT(AV15+$AW$2,1)+RIGHT(AV15+$AW$2,1),AV15+$AW$2))-1,9)+1 -> 9 | AY15: 13 | AZ15: =MOD((IF(LEN(AY15+$AZ$2)>1,LEFT(AY15+$AZ$2,1)+RIGHT(AY15+$AZ$2,1),AY15+$AZ$2))-1,9)+1 -> 1 | CA15: 43844 | CB15: =TEXT(CA15,"DD-MMM") -> 14-Jan | CC15: Capricorn | CD15: Earth | CE15: =CC15&" - "&CD15 -> Capricorn - Earth
A16: Current Year | B16: Personal Year | D16: =D7+G7+J14 -> 12 | F16: =MOD(D16-1,9)+1 -> 3 | R16: 14 | S16: =MOD((IF(LEN(R16+$S$2)>1,LEFT(R16+$S$2,1)+RIGHT(R16+$S$2,1),R16+$S$2))-1,9)+1 -> 9 | U16: 14 | V16: =MOD((IF(LEN(U16+$V$2)>1,LEFT(U16+$V$2,1)+RIGHT(U16+$V$2,1),U16+$V$2))-1,9)+1 -> 1 | X16: 14 | Y16: =MOD((IF(LEN(X16+$Y$2)>1,LEFT(X16+$Y$2,1)+RIGHT(X16+$Y$2,1),X16+$Y$2))-1,9)+1 -> 2 | AA16: 14 | AB16: =MOD((IF(LEN(AA16+$AB$2)>1,LEFT(AA16+$AB$2,1)+RIGHT(AA16+$AB$2,1),AA16+$AB$2))-1,9)+1 -> 3 | AD16: 14 | AE16: =MOD((IF(LEN(AD16+$AE$2)>1,LEFT(AD16+$AE$2,1)+RIGHT(AD16+$AE$2,1),AD16+$AE$2))-1,9)+1 -> 4 | AG16: 14 | AH16: =MOD((IF(LEN(AG16+$AH$2)>1,LEFT(AG16+$AH$2,1)+RIGHT(AG16+$AH$2,1),AG16+$AH$2))-1,9)+1 -> 5 | AJ16: 14 | AK16: =MOD((IF(LEN(AJ16+$AK$2)>1,LEFT(AJ16+$AK$2,1)+RIGHT(AJ16+$AK$2,1),AJ16+$AK$2))-1,9)+1 -> 6 | AM16: 14 | AN16: =MOD((IF(LEN(AM16+$AN$2)>1,LEFT(AM16+$AN$2,1)+RIGHT(AM16+$AN$2,1),AM16+$AN$2))-1,9)+1 -> 7 | AP16: 14 | AQ16: =MOD((IF(LEN(AP16+$AQ$2)>1,LEFT(AP16+$AQ$2,1)+RIGHT(AP16+$AQ$2,1),AP16+$AQ$2))-1,9)+1 -> 8 | AS16: 14 | AT16: =MOD((IF(LEN(AS16+$AT$2)>1,LEFT(AS16+$AT$2,1)+RIGHT(AS16+$AT$2,1),AS16+$AT$2))-1,9)+1 -> 9 | AV16: 14 | AW16: =MOD((IF(LEN(AV16+$AW$2)>1,LEFT(AV16+$AW$2,1)+RIGHT(AV16+$AW$2,1),AV16+$AW$2))-1,9)+1 -> 1 | AY16: 14 | AZ16: =MOD((IF(LEN(AY16+$AZ$2)>1,LEFT(AY16+$AZ$2,1)+RIGHT(AY16+$AZ$2,1),AY16+$AZ$2))-1,9)+1 -> 2 | CA16: 43845 | CB16: =TEXT(CA16,"DD-MMM") -> 15-Jan | CC16: Capricorn | CD16: Earth | CE16: =CC16&" - "&CD16 -> Capricorn - Earth
A17: Current Month | B17: Personal Month | D17: =F16+G14 -> 10 | F17: =MOD(D17-1,9)+1 -> 1 | R17: 15 | S17: =MOD((IF(LEN(R17+$S$2)>1,LEFT(R17+$S$2,1)+RIGHT(R17+$S$2,1),R17+$S$2))-1,9)+1 -> 1 | U17: 15 | V17: =MOD((IF(LEN(U17+$V$2)>1,LEFT(U17+$V$2,1)+RIGHT(U17+$V$2,1),U17+$V$2))-1,9)+1 -> 2 | X17: 15 | Y17: =MOD((IF(LEN(X17+$Y$2)>1,LEFT(X17+$Y$2,1)+RIGHT(X17+$Y$2,1),X17+$Y$2))-1,9)+1 -> 3 | AA17: 15 | AB17: =MOD((IF(LEN(AA17+$AB$2)>1,LEFT(AA17+$AB$2,1)+RIGHT(AA17+$AB$2,1),AA17+$AB$2))-1,9)+1 -> 4 | AD17: 15 | AE17: =MOD((IF(LEN(AD17+$AE$2)>1,LEFT(AD17+$AE$2,1)+RIGHT(AD17+$AE$2,1),AD17+$AE$2))-1,9)+1 -> 5 | AG17: 15 | AH17: =MOD((IF(LEN(AG17+$AH$2)>1,LEFT(AG17+$AH$2,1)+RIGHT(AG17+$AH$2,1),AG17+$AH$2))-1,9)+1 -> 6 | AJ17: 15 | AK17: =MOD((IF(LEN(AJ17+$AK$2)>1,LEFT(AJ17+$AK$2,1)+RIGHT(AJ17+$AK$2,1),AJ17+$AK$2))-1,9)+1 -> 7 | AM17: 15 | AN17: =MOD((IF(LEN(AM17+$AN$2)>1,LEFT(AM17+$AN$2,1)+RIGHT(AM17+$AN$2,1),AM17+$AN$2))-1,9)+1 -> 8 | AP17: 15 | AQ17: =MOD((IF(LEN(AP17+$AQ$2)>1,LEFT(AP17+$AQ$2,1)+RIGHT(AP17+$AQ$2,1),AP17+$AQ$2))-1,9)+1 -> 9 | AS17: 15 | AT17: =MOD((IF(LEN(AS17+$AT$2)>1,LEFT(AS17+$AT$2,1)+RIGHT(AS17+$AT$2,1),AS17+$AT$2))-1,9)+1 -> 1 | AV17: 15 | AW17: =MOD((IF(LEN(AV17+$AW$2)>1,LEFT(AV17+$AW$2,1)+RIGHT(AV17+$AW$2,1),AV17+$AW$2))-1,9)+1 -> 2 | AY17: 15 | AZ17: =MOD((IF(LEN(AY17+$AZ$2)>1,LEFT(AY17+$AZ$2,1)+RIGHT(AY17+$AZ$2,1),AY17+$AZ$2))-1,9)+1 -> 3 | CA17: 43846 | CB17: =TEXT(CA17,"DD-MMM") -> 16-Jan | CC17: Capricorn | CD17: Earth | CE17: =CC17&" - "&CD17 -> Capricorn - Earth
A18: Current Date | B18: Personal Day | D18: =D14+F17 -> 9 | F18: =MOD(D18-1,9)+1 -> 9 | R18: 16 | S18: =MOD((IF(LEN(R18+$S$2)>1,LEFT(R18+$S$2,1)+RIGHT(R18+$S$2,1),R18+$S$2))-1,9)+1 -> 2 | U18: 16 | V18: =MOD((IF(LEN(U18+$V$2)>1,LEFT(U18+$V$2,1)+RIGHT(U18+$V$2,1),U18+$V$2))-1,9)+1 -> 3 | X18: 16 | Y18: =MOD((IF(LEN(X18+$Y$2)>1,LEFT(X18+$Y$2,1)+RIGHT(X18+$Y$2,1),X18+$Y$2))-1,9)+1 -> 4 | AA18: 16 | AB18: =MOD((IF(LEN(AA18+$AB$2)>1,LEFT(AA18+$AB$2,1)+RIGHT(AA18+$AB$2,1),AA18+$AB$2))-1,9)+1 -> 5 | AD18: 16 | AE18: =MOD((IF(LEN(AD18+$AE$2)>1,LEFT(AD18+$AE$2,1)+RIGHT(AD18+$AE$2,1),AD18+$AE$2))-1,9)+1 -> 6 | AG18: 16 | AH18: =MOD((IF(LEN(AG18+$AH$2)>1,LEFT(AG18+$AH$2,1)+RIGHT(AG18+$AH$2,1),AG18+$AH$2))-1,9)+1 -> 7 | AJ18: 16 | AK18: =MOD((IF(LEN(AJ18+$AK$2)>1,LEFT(AJ18+$AK$2,1)+RIGHT(AJ18+$AK$2,1),AJ18+$AK$2))-1,9)+1 -> 8 | AM18: 16 | AN18: =MOD((IF(LEN(AM18+$AN$2)>1,LEFT(AM18+$AN$2,1)+RIGHT(AM18+$AN$2,1),AM18+$AN$2))-1,9)+1 -> 9 | AP18: 16 | AQ18: =MOD((IF(LEN(AP18+$AQ$2)>1,LEFT(AP18+$AQ$2,1)+RIGHT(AP18+$AQ$2,1),AP18+$AQ$2))-1,9)+1 -> 1 | AS18: 16 | AT18: =MOD((IF(LEN(AS18+$AT$2)>1,LEFT(AS18+$AT$2,1)+RIGHT(AS18+$AT$2,1),AS18+$AT$2))-1,9)+1 -> 2 | AV18: 16 | AW18: =MOD((IF(LEN(AV18+$AW$2)>1,LEFT(AV18+$AW$2,1)+RIGHT(AV18+$AW$2,1),AV18+$AW$2))-1,9)+1 -> 3 | AY18: 16 | AZ18: =MOD((IF(LEN(AY18+$AZ$2)>1,LEFT(AY18+$AZ$2,1)+RIGHT(AY18+$AZ$2,1),AY18+$AZ$2))-1,9)+1 -> 4 | CA18: 43847 | CB18: =TEXT(CA18,"DD-MMM") -> 17-Jan | CC18: Capricorn | CD18: Earth | CE18: =CC18&" - "&CD18 -> Capricorn - Earth
R19: 17 | S19: =MOD((IF(LEN(R19+$S$2)>1,LEFT(R19+$S$2,1)+RIGHT(R19+$S$2,1),R19+$S$2))-1,9)+1 -> 3 | U19: 17 | V19: =MOD((IF(LEN(U19+$V$2)>1,LEFT(U19+$V$2,1)+RIGHT(U19+$V$2,1),U19+$V$2))-1,9)+1 -> 4 | X19: 17 | Y19: =MOD((IF(LEN(X19+$Y$2)>1,LEFT(X19+$Y$2,1)+RIGHT(X19+$Y$2,1),X19+$Y$2))-1,9)+1 -> 5 | AA19: 17 | AB19: =MOD((IF(LEN(AA19+$AB$2)>1,LEFT(AA19+$AB$2,1)+RIGHT(AA19+$AB$2,1),AA19+$AB$2))-1,9)+1 -> 6 | AD19: 17 | AE19: =MOD((IF(LEN(AD19+$AE$2)>1,LEFT(AD19+$AE$2,1)+RIGHT(AD19+$AE$2,1),AD19+$AE$2))-1,9)+1 -> 7 | AG19: 17 | AH19: =MOD((IF(LEN(AG19+$AH$2)>1,LEFT(AG19+$AH$2,1)+RIGHT(AG19+$AH$2,1),AG19+$AH$2))-1,9)+1 -> 8 | AJ19: 17 | AK19: =MOD((IF(LEN(AJ19+$AK$2)>1,LEFT(AJ19+$AK$2,1)+RIGHT(AJ19+$AK$2,1),AJ19+$AK$2))-1,9)+1 -> 9 | AM19: 17 | AN19: =MOD((IF(LEN(AM19+$AN$2)>1,LEFT(AM19+$AN$2,1)+RIGHT(AM19+$AN$2,1),AM19+$AN$2))-1,9)+1 -> 1 | AP19: 17 | AQ19: =MOD((IF(LEN(AP19+$AQ$2)>1,LEFT(AP19+$AQ$2,1)+RIGHT(AP19+$AQ$2,1),AP19+$AQ$2))-1,9)+1 -> 2 | AS19: 17 | AT19: =MOD((IF(LEN(AS19+$AT$2)>1,LEFT(AS19+$AT$2,1)+RIGHT(AS19+$AT$2,1),AS19+$AT$2))-1,9)+1 -> 3 | AV19: 17 | AW19: =MOD((IF(LEN(AV19+$AW$2)>1,LEFT(AV19+$AW$2,1)+RIGHT(AV19+$AW$2,1),AV19+$AW$2))-1,9)+1 -> 4 | AY19: 17 | AZ19: =MOD((IF(LEN(AY19+$AZ$2)>1,LEFT(AY19+$AZ$2,1)+RIGHT(AY19+$AZ$2,1),AY19+$AZ$2))-1,9)+1 -> 5 | CA19: 43848 | CB19: =TEXT(CA19,"DD-MMM") -> 18-Jan | CC19: Capricorn | CD19: Earth | CE19: =CC19&" - "&CD19 -> Capricorn - Earth
R20: 18 | S20: =MOD((IF(LEN(R20+$S$2)>1,LEFT(R20+$S$2,1)+RIGHT(R20+$S$2,1),R20+$S$2))-1,9)+1 -> 4 | U20: 18 | V20: =MOD((IF(LEN(U20+$V$2)>1,LEFT(U20+$V$2,1)+RIGHT(U20+$V$2,1),U20+$V$2))-1,9)+1 -> 5 | X20: 18 | Y20: =MOD((IF(LEN(X20+$Y$2)>1,LEFT(X20+$Y$2,1)+RIGHT(X20+$Y$2,1),X20+$Y$2))-1,9)+1 -> 6 | AA20: 18 | AB20: =MOD((IF(LEN(AA20+$AB$2)>1,LEFT(AA20+$AB$2,1)+RIGHT(AA20+$AB$2,1),AA20+$AB$2))-1,9)+1 -> 7 | AD20: 18 | AE20: =MOD((IF(LEN(AD20+$AE$2)>1,LEFT(AD20+$AE$2,1)+RIGHT(AD20+$AE$2,1),AD20+$AE$2))-1,9)+1 -> 8 | AG20: 18 | AH20: =MOD((IF(LEN(AG20+$AH$2)>1,LEFT(AG20+$AH$2,1)+RIGHT(AG20+$AH$2,1),AG20+$AH$2))-1,9)+1 -> 9 | AJ20: 18 | AK20: =MOD((IF(LEN(AJ20+$AK$2)>1,LEFT(AJ20+$AK$2,1)+RIGHT(AJ20+$AK$2,1),AJ20+$AK$2))-1,9)+1 -> 1 | AM20: 18 | AN20: =MOD((IF(LEN(AM20+$AN$2)>1,LEFT(AM20+$AN$2,1)+RIGHT(AM20+$AN$2,1),AM20+$AN$2))-1,9)+1 -> 2 | AP20: 18 | AQ20: =MOD((IF(LEN(AP20+$AQ$2)>1,LEFT(AP20+$AQ$2,1)+RIGHT(AP20+$AQ$2,1),AP20+$AQ$2))-1,9)+1 -> 3 | AS20: 18 | AT20: =MOD((IF(LEN(AS20+$AT$2)>1,LEFT(AS20+$AT$2,1)+RIGHT(AS20+$AT$2,1),AS20+$AT$2))-1,9)+1 -> 4 | AV20: 18 | AW20: =MOD((IF(LEN(AV20+$AW$2)>1,LEFT(AV20+$AW$2,1)+RIGHT(AV20+$AW$2,1),AV20+$AW$2))-1,9)+1 -> 5 | AY20: 18 | AZ20: =MOD((IF(LEN(AY20+$AZ$2)>1,LEFT(AY20+$AZ$2,1)+RIGHT(AY20+$AZ$2,1),AY20+$AZ$2))-1,9)+1 -> 6 | CA20: 43849 | CB20: =TEXT(CA20,"DD-MMM") -> 19-Jan | CC20: Capricorn | CD20: Earth | CE20: =CC20&" - "&CD20 -> Capricorn - Earth
R21: 19 | S21: =MOD((IF(LEN(R21+$S$2)>1,LEFT(R21+$S$2,1)+RIGHT(R21+$S$2,1),R21+$S$2))-1,9)+1 -> 5 | U21: 19 | V21: =MOD((IF(LEN(U21+$V$2)>1,LEFT(U21+$V$2,1)+RIGHT(U21+$V$2,1),U21+$V$2))-1,9)+1 -> 6 | X21: 19 | Y21: =MOD((IF(LEN(X21+$Y$2)>1,LEFT(X21+$Y$2,1)+RIGHT(X21+$Y$2,1),X21+$Y$2))-1,9)+1 -> 7 | AA21: 19 | AB21: =MOD((IF(LEN(AA21+$AB$2)>1,LEFT(AA21+$AB$2,1)+RIGHT(AA21+$AB$2,1),AA21+$AB$2))-1,9)+1 -> 8 | AD21: 19 | AE21: =MOD((IF(LEN(AD21+$AE$2)>1,LEFT(AD21+$AE$2,1)+RIGHT(AD21+$AE$2,1),AD21+$AE$2))-1,9)+1 -> 9 | AG21: 19 | AH21: =MOD((IF(LEN(AG21+$AH$2)>1,LEFT(AG21+$AH$2,1)+RIGHT(AG21+$AH$2,1),AG21+$AH$2))-1,9)+1 -> 1 | AJ21: 19 | AK21: =MOD((IF(LEN(AJ21+$AK$2)>1,LEFT(AJ21+$AK$2,1)+RIGHT(AJ21+$AK$2,1),AJ21+$AK$2))-1,9)+1 -> 2 | AM21: 19 | AN21: =MOD((IF(LEN(AM21+$AN$2)>1,LEFT(AM21+$AN$2,1)+RIGHT(AM21+$AN$2,1),AM21+$AN$2))-1,9)+1 -> 3 | AP21: 19 | AQ21: =MOD((IF(LEN(AP21+$AQ$2)>1,LEFT(AP21+$AQ$2,1)+RIGHT(AP21+$AQ$2,1),AP21+$AQ$2))-1,9)+1 -> 4 | AS21: 19 | AT21: =MOD((IF(LEN(AS21+$AT$2)>1,LEFT(AS21+$AT$2,1)+RIGHT(AS21+$AT$2,1),AS21+$AT$2))-1,9)+1 -> 5 | AV21: 19 | AW21: =MOD((IF(LEN(AV21+$AW$2)>1,LEFT(AV21+$AW$2,1)+RIGHT(AV21+$AW$2,1),AV21+$AW$2))-1,9)+1 -> 6 | AY21: 19 | AZ21: =MOD((IF(LEN(AY21+$AZ$2)>1,LEFT(AY21+$AZ$2,1)+RIGHT(AY21+$AZ$2,1),AY21+$AZ$2))-1,9)+1 -> 7 | CA21: 43850 | CB21: =TEXT(CA21,"DD-MMM") -> 20-Jan | CC21: Aquarius | CD21: Air | CE21: =CC21&" - "&CD21 -> Aquarius - Air
C22: Personal Year | R22: 20 | S22: =MOD((IF(LEN(R22+$S$2)>1,LEFT(R22+$S$2,1)+RIGHT(R22+$S$2,1),R22+$S$2))-1,9)+1 -> 6 | U22: 20 | V22: =MOD((IF(LEN(U22+$V$2)>1,LEFT(U22+$V$2,1)+RIGHT(U22+$V$2,1),U22+$V$2))-1,9)+1 -> 7 | X22: 20 | Y22: =MOD((IF(LEN(X22+$Y$2)>1,LEFT(X22+$Y$2,1)+RIGHT(X22+$Y$2,1),X22+$Y$2))-1,9)+1 -> 8 | AA22: 20 | AB22: =MOD((IF(LEN(AA22+$AB$2)>1,LEFT(AA22+$AB$2,1)+RIGHT(AA22+$AB$2,1),AA22+$AB$2))-1,9)+1 -> 9 | AD22: 20 | AE22: =MOD((IF(LEN(AD22+$AE$2)>1,LEFT(AD22+$AE$2,1)+RIGHT(AD22+$AE$2,1),AD22+$AE$2))-1,9)+1 -> 1 | AG22: 20 | AH22: =MOD((IF(LEN(AG22+$AH$2)>1,LEFT(AG22+$AH$2,1)+RIGHT(AG22+$AH$2,1),AG22+$AH$2))-1,9)+1 -> 2 | AJ22: 20 | AK22: =MOD((IF(LEN(AJ22+$AK$2)>1,LEFT(AJ22+$AK$2,1)+RIGHT(AJ22+$AK$2,1),AJ22+$AK$2))-1,9)+1 -> 3 | AM22: 20 | AN22: =MOD((IF(LEN(AM22+$AN$2)>1,LEFT(AM22+$AN$2,1)+RIGHT(AM22+$AN$2,1),AM22+$AN$2))-1,9)+1 -> 4 | AP22: 20 | AQ22: =MOD((IF(LEN(AP22+$AQ$2)>1,LEFT(AP22+$AQ$2,1)+RIGHT(AP22+$AQ$2,1),AP22+$AQ$2))-1,9)+1 -> 5 | AS22: 20 | AT22: =MOD((IF(LEN(AS22+$AT$2)>1,LEFT(AS22+$AT$2,1)+RIGHT(AS22+$AT$2,1),AS22+$AT$2))-1,9)+1 -> 6 | AV22: 20 | AW22: =MOD((IF(LEN(AV22+$AW$2)>1,LEFT(AV22+$AW$2,1)+RIGHT(AV22+$AW$2,1),AV22+$AW$2))-1,9)+1 -> 7 | AY22: 20 | AZ22: =MOD((IF(LEN(AY22+$AZ$2)>1,LEFT(AY22+$AZ$2,1)+RIGHT(AY22+$AZ$2,1),AY22+$AZ$2))-1,9)+1 -> 8 | CA22: 43851 | CB22: =TEXT(CA22,"DD-MMM") -> 21-Jan | CC22: Aquarius | CD22: Air | CE22: =CC22&" - "&CD22 -> Aquarius - Air
C23: BD / LP | R23: 21 | S23: =MOD((IF(LEN(R23+$S$2)>1,LEFT(R23+$S$2,1)+RIGHT(R23+$S$2,1),R23+$S$2))-1,9)+1 -> 7 | U23: 21 | V23: =MOD((IF(LEN(U23+$V$2)>1,LEFT(U23+$V$2,1)+RIGHT(U23+$V$2,1),U23+$V$2))-1,9)+1 -> 8 | X23: 21 | Y23: =MOD((IF(LEN(X23+$Y$2)>1,LEFT(X23+$Y$2,1)+RIGHT(X23+$Y$2,1),X23+$Y$2))-1,9)+1 -> 9 | AA23: 21 | AB23: =MOD((IF(LEN(AA23+$AB$2)>1,LEFT(AA23+$AB$2,1)+RIGHT(AA23+$AB$2,1),AA23+$AB$2))-1,9)+1 -> 1 | AD23: 21 | AE23: =MOD((IF(LEN(AD23+$AE$2)>1,LEFT(AD23+$AE$2,1)+RIGHT(AD23+$AE$2,1),AD23+$AE$2))-1,9)+1 -> 2 | AG23: 21 | AH23: =MOD((IF(LEN(AG23+$AH$2)>1,LEFT(AG23+$AH$2,1)+RIGHT(AG23+$AH$2,1),AG23+$AH$2))-1,9)+1 -> 3 | AJ23: 21 | AK23: =MOD((IF(LEN(AJ23+$AK$2)>1,LEFT(AJ23+$AK$2,1)+RIGHT(AJ23+$AK$2,1),AJ23+$AK$2))-1,9)+1 -> 4 | AM23: 21 | AN23: =MOD((IF(LEN(AM23+$AN$2)>1,LEFT(AM23+$AN$2,1)+RIGHT(AM23+$AN$2,1),AM23+$AN$2))-1,9)+1 -> 5 | AP23: 21 | AQ23: =MOD((IF(LEN(AP23+$AQ$2)>1,LEFT(AP23+$AQ$2,1)+RIGHT(AP23+$AQ$2,1),AP23+$AQ$2))-1,9)+1 -> 6 | AS23: 21 | AT23: =MOD((IF(LEN(AS23+$AT$2)>1,LEFT(AS23+$AT$2,1)+RIGHT(AS23+$AT$2,1),AS23+$AT$2))-1,9)+1 -> 7 | AV23: 21 | AW23: =MOD((IF(LEN(AV23+$AW$2)>1,LEFT(AV23+$AW$2,1)+RIGHT(AV23+$AW$2,1),AV23+$AW$2))-1,9)+1 -> 8 | AY23: 21 | AZ23: =MOD((IF(LEN(AY23+$AZ$2)>1,LEFT(AY23+$AZ$2,1)+RIGHT(AY23+$AZ$2,1),AY23+$AZ$2))-1,9)+1 -> 9 | CA23: 43852 | CB23: =TEXT(CA23,"DD-MMM") -> 22-Jan | CC23: Aquarius | CD23: Air | CE23: =CC23&" - "&CD23 -> Aquarius - Air
R24: 22 | S24: =MOD((IF(LEN(R24+$S$2)>1,LEFT(R24+$S$2,1)+RIGHT(R24+$S$2,1),R24+$S$2))-1,9)+1 -> 8 | U24: 22 | V24: =MOD((IF(LEN(U24+$V$2)>1,LEFT(U24+$V$2,1)+RIGHT(U24+$V$2,1),U24+$V$2))-1,9)+1 -> 9 | X24: 22 | Y24: =MOD((IF(LEN(X24+$Y$2)>1,LEFT(X24+$Y$2,1)+RIGHT(X24+$Y$2,1),X24+$Y$2))-1,9)+1 -> 1 | AA24: 22 | AB24: =MOD((IF(LEN(AA24+$AB$2)>1,LEFT(AA24+$AB$2,1)+RIGHT(AA24+$AB$2,1),AA24+$AB$2))-1,9)+1 -> 2 | AD24: 22 | AE24: =MOD((IF(LEN(AD24+$AE$2)>1,LEFT(AD24+$AE$2,1)+RIGHT(AD24+$AE$2,1),AD24+$AE$2))-1,9)+1 -> 3 | AG24: 22 | AH24: =MOD((IF(LEN(AG24+$AH$2)>1,LEFT(AG24+$AH$2,1)+RIGHT(AG24+$AH$2,1),AG24+$AH$2))-1,9)+1 -> 4 | AJ24: 22 | AK24: =MOD((IF(LEN(AJ24+$AK$2)>1,LEFT(AJ24+$AK$2,1)+RIGHT(AJ24+$AK$2,1),AJ24+$AK$2))-1,9)+1 -> 5 | AM24: 22 | AN24: =MOD((IF(LEN(AM24+$AN$2)>1,LEFT(AM24+$AN$2,1)+RIGHT(AM24+$AN$2,1),AM24+$AN$2))-1,9)+1 -> 6 | AP24: 22 | AQ24: =MOD((IF(LEN(AP24+$AQ$2)>1,LEFT(AP24+$AQ$2,1)+RIGHT(AP24+$AQ$2,1),AP24+$AQ$2))-1,9)+1 -> 7 | AS24: 22 | AT24: =MOD((IF(LEN(AS24+$AT$2)>1,LEFT(AS24+$AT$2,1)+RIGHT(AS24+$AT$2,1),AS24+$AT$2))-1,9)+1 -> 8 | AV24: 22 | AW24: =MOD((IF(LEN(AV24+$AW$2)>1,LEFT(AV24+$AW$2,1)+RIGHT(AV24+$AW$2,1),AV24+$AW$2))-1,9)+1 -> 9 | AY24: 22 | AZ24: =MOD((IF(LEN(AY24+$AZ$2)>1,LEFT(AY24+$AZ$2,1)+RIGHT(AY24+$AZ$2,1),AY24+$AZ$2))-1,9)+1 -> 1 | CA24: 43853 | CB24: =TEXT(CA24,"DD-MMM") -> 23-Jan | CC24: Aquarius | CD24: Air | CE24: =CC24&" - "&CD24 -> Aquarius - Air
B25: Year | C25: PY | R25: 23 | S25: =MOD((IF(LEN(R25+$S$2)>1,LEFT(R25+$S$2,1)+RIGHT(R25+$S$2,1),R25+$S$2))-1,9)+1 -> 9 | U25: 23 | V25: =MOD((IF(LEN(U25+$V$2)>1,LEFT(U25+$V$2,1)+RIGHT(U25+$V$2,1),U25+$V$2))-1,9)+1 -> 1 | X25: 23 | Y25: =MOD((IF(LEN(X25+$Y$2)>1,LEFT(X25+$Y$2,1)+RIGHT(X25+$Y$2,1),X25+$Y$2))-1,9)+1 -> 2 | AA25: 23 | AB25: =MOD((IF(LEN(AA25+$AB$2)>1,LEFT(AA25+$AB$2,1)+RIGHT(AA25+$AB$2,1),AA25+$AB$2))-1,9)+1 -> 3 | AD25: 23 | AE25: =MOD((IF(LEN(AD25+$AE$2)>1,LEFT(AD25+$AE$2,1)+RIGHT(AD25+$AE$2,1),AD25+$AE$2))-1,9)+1 -> 4 | AG25: 23 | AH25: =MOD((IF(LEN(AG25+$AH$2)>1,LEFT(AG25+$AH$2,1)+RIGHT(AG25+$AH$2,1),AG25+$AH$2))-1,9)+1 -> 5 | AJ25: 23 | AK25: =MOD((IF(LEN(AJ25+$AK$2)>1,LEFT(AJ25+$AK$2,1)+RIGHT(AJ25+$AK$2,1),AJ25+$AK$2))-1,9)+1 -> 6 | AM25: 23 | AN25: =MOD((IF(LEN(AM25+$AN$2)>1,LEFT(AM25+$AN$2,1)+RIGHT(AM25+$AN$2,1),AM25+$AN$2))-1,9)+1 -> 7 | AP25: 23 | AQ25: =MOD((IF(LEN(AP25+$AQ$2)>1,LEFT(AP25+$AQ$2,1)+RIGHT(AP25+$AQ$2,1),AP25+$AQ$2))-1,9)+1 -> 8 | AS25: 23 | AT25: =MOD((IF(LEN(AS25+$AT$2)>1,LEFT(AS25+$AT$2,1)+RIGHT(AS25+$AT$2,1),AS25+$AT$2))-1,9)+1 -> 9 | AV25: 23 | AW25: =MOD((IF(LEN(AV25+$AW$2)>1,LEFT(AV25+$AW$2,1)+RIGHT(AV25+$AW$2,1),AV25+$AW$2))-1,9)+1 -> 1 | AY25: 23 | AZ25: =MOD((IF(LEN(AY25+$AZ$2)>1,LEFT(AY25+$AZ$2,1)+RIGHT(AY25+$AZ$2,1),AY25+$AZ$2))-1,9)+1 -> 2 | CA25: 43854 | CB25: =TEXT(CA25,"DD-MMM") -> 24-Jan | CC25: Aquarius | CD25: Air | CE25: =CC25&" - "&CD25 -> Aquarius - Air
A26: =MOD(B26-1,9)+1 -> 8 | B26: 2015 | C26: =MOD($D$7+$G$7+A26-1,9)+1 -> 2 | R26: 24 | S26: =MOD((IF(LEN(R26+$S$2)>1,LEFT(R26+$S$2,1)+RIGHT(R26+$S$2,1),R26+$S$2))-1,9)+1 -> 1 | U26: 24 | V26: =MOD((IF(LEN(U26+$V$2)>1,LEFT(U26+$V$2,1)+RIGHT(U26+$V$2,1),U26+$V$2))-1,9)+1 -> 2 | X26: 24 | Y26: =MOD((IF(LEN(X26+$Y$2)>1,LEFT(X26+$Y$2,1)+RIGHT(X26+$Y$2,1),X26+$Y$2))-1,9)+1 -> 3 | AA26: 24 | AB26: =MOD((IF(LEN(AA26+$AB$2)>1,LEFT(AA26+$AB$2,1)+RIGHT(AA26+$AB$2,1),AA26+$AB$2))-1,9)+1 -> 4 | AD26: 24 | AE26: =MOD((IF(LEN(AD26+$AE$2)>1,LEFT(AD26+$AE$2,1)+RIGHT(AD26+$AE$2,1),AD26+$AE$2))-1,9)+1 -> 5 | AG26: 24 | AH26: =MOD((IF(LEN(AG26+$AH$2)>1,LEFT(AG26+$AH$2,1)+RIGHT(AG26+$AH$2,1),AG26+$AH$2))-1,9)+1 -> 6 | AJ26: 24 | AK26: =MOD((IF(LEN(AJ26+$AK$2)>1,LEFT(AJ26+$AK$2,1)+RIGHT(AJ26+$AK$2,1),AJ26+$AK$2))-1,9)+1 -> 7 | AM26: 24 | AN26: =MOD((IF(LEN(AM26+$AN$2)>1,LEFT(AM26+$AN$2,1)+RIGHT(AM26+$AN$2,1),AM26+$AN$2))-1,9)+1 -> 8 | AP26: 24 | AQ26: =MOD((IF(LEN(AP26+$AQ$2)>1,LEFT(AP26+$AQ$2,1)+RIGHT(AP26+$AQ$2,1),AP26+$AQ$2))-1,9)+1 -> 9 | AS26: 24 | AT26: =MOD((IF(LEN(AS26+$AT$2)>1,LEFT(AS26+$AT$2,1)+RIGHT(AS26+$AT$2,1),AS26+$AT$2))-1,9)+1 -> 1 | AV26: 24 | AW26: =MOD((IF(LEN(AV26+$AW$2)>1,LEFT(AV26+$AW$2,1)+RIGHT(AV26+$AW$2,1),AV26+$AW$2))-1,9)+1 -> 2 | AY26: 24 | AZ26: =MOD((IF(LEN(AY26+$AZ$2)>1,LEFT(AY26+$AZ$2,1)+RIGHT(AY26+$AZ$2,1),AY26+$AZ$2))-1,9)+1 -> 3 | CA26: 43855 | CB26: =TEXT(CA26,"DD-MMM") -> 25-Jan | CC26: Aquarius | CD26: Air | CE26: =CC26&" - "&CD26 -> Aquarius - Air
A27: =MOD(B27-1,9)+1 -> 9 | B27: 2016 | C27: =MOD($D$7+$G$7+A27-1,9)+1 -> 3 | R27: 25 | S27: =MOD((IF(LEN(R27+$S$2)>1,LEFT(R27+$S$2,1)+RIGHT(R27+$S$2,1),R27+$S$2))-1,9)+1 -> 2 | U27: 25 | V27: =MOD((IF(LEN(U27+$V$2)>1,LEFT(U27+$V$2,1)+RIGHT(U27+$V$2,1),U27+$V$2))-1,9)+1 -> 3 | X27: 25 | Y27: =MOD((IF(LEN(X27+$Y$2)>1,LEFT(X27+$Y$2,1)+RIGHT(X27+$Y$2,1),X27+$Y$2))-1,9)+1 -> 4 | AA27: 25 | AB27: =MOD((IF(LEN(AA27+$AB$2)>1,LEFT(AA27+$AB$2,1)+RIGHT(AA27+$AB$2,1),AA27+$AB$2))-1,9)+1 -> 5 | AD27: 25 | AE27: =MOD((IF(LEN(AD27+$AE$2)>1,LEFT(AD27+$AE$2,1)+RIGHT(AD27+$AE$2,1),AD27+$AE$2))-1,9)+1 -> 6 | AG27: 25 | AH27: =MOD((IF(LEN(AG27+$AH$2)>1,LEFT(AG27+$AH$2,1)+RIGHT(AG27+$AH$2,1),AG27+$AH$2))-1,9)+1 -> 7 | AJ27: 25 | AK27: =MOD((IF(LEN(AJ27+$AK$2)>1,LEFT(AJ27+$AK$2,1)+RIGHT(AJ27+$AK$2,1),AJ27+$AK$2))-1,9)+1 -> 8 | AM27: 25 | AN27: =MOD((IF(LEN(AM27+$AN$2)>1,LEFT(AM27+$AN$2,1)+RIGHT(AM27+$AN$2,1),AM27+$AN$2))-1,9)+1 -> 9 | AP27: 25 | AQ27: =MOD((IF(LEN(AP27+$AQ$2)>1,LEFT(AP27+$AQ$2,1)+RIGHT(AP27+$AQ$2,1),AP27+$AQ$2))-1,9)+1 -> 1 | AS27: 25 | AT27: =MOD((IF(LEN(AS27+$AT$2)>1,LEFT(AS27+$AT$2,1)+RIGHT(AS27+$AT$2,1),AS27+$AT$2))-1,9)+1 -> 2 | AV27: 25 | AW27: =MOD((IF(LEN(AV27+$AW$2)>1,LEFT(AV27+$AW$2,1)+RIGHT(AV27+$AW$2,1),AV27+$AW$2))-1,9)+1 -> 3 | AY27: 25 | AZ27: =MOD((IF(LEN(AY27+$AZ$2)>1,LEFT(AY27+$AZ$2,1)+RIGHT(AY27+$AZ$2,1),AY27+$AZ$2))-1,9)+1 -> 4 | CA27: 43856 | CB27: =TEXT(CA27,"DD-MMM") -> 26-Jan | CC27: Aquarius | CD27: Air | CE27: =CC27&" - "&CD27 -> Aquarius - Air
A28: =MOD(B28-1,9)+1 -> 1 | B28: 2017 | C28: =MOD($D$7+$G$7+A28-1,9)+1 -> 4 | R28: 26 | S28: =MOD((IF(LEN(R28+$S$2)>1,LEFT(R28+$S$2,1)+RIGHT(R28+$S$2,1),R28+$S$2))-1,9)+1 -> 3 | U28: 26 | V28: =MOD((IF(LEN(U28+$V$2)>1,LEFT(U28+$V$2,1)+RIGHT(U28+$V$2,1),U28+$V$2))-1,9)+1 -> 4 | X28: 26 | Y28: =MOD((IF(LEN(X28+$Y$2)>1,LEFT(X28+$Y$2,1)+RIGHT(X28+$Y$2,1),X28+$Y$2))-1,9)+1 -> 5 | AA28: 26 | AB28: =MOD((IF(LEN(AA28+$AB$2)>1,LEFT(AA28+$AB$2,1)+RIGHT(AA28+$AB$2,1),AA28+$AB$2))-1,9)+1 -> 6 | AD28: 26 | AE28: =MOD((IF(LEN(AD28+$AE$2)>1,LEFT(AD28+$AE$2,1)+RIGHT(AD28+$AE$2,1),AD28+$AE$2))-1,9)+1 -> 7 | AG28: 26 | AH28: =MOD((IF(LEN(AG28+$AH$2)>1,LEFT(AG28+$AH$2,1)+RIGHT(AG28+$AH$2,1),AG28+$AH$2))-1,9)+1 -> 8 | AJ28: 26 | AK28: =MOD((IF(LEN(AJ28+$AK$2)>1,LEFT(AJ28+$AK$2,1)+RIGHT(AJ28+$AK$2,1),AJ28+$AK$2))-1,9)+1 -> 9 | AM28: 26 | AN28: =MOD((IF(LEN(AM28+$AN$2)>1,LEFT(AM28+$AN$2,1)+RIGHT(AM28+$AN$2,1),AM28+$AN$2))-1,9)+1 -> 1 | AP28: 26 | AQ28: =MOD((IF(LEN(AP28+$AQ$2)>1,LEFT(AP28+$AQ$2,1)+RIGHT(AP28+$AQ$2,1),AP28+$AQ$2))-1,9)+1 -> 2 | AS28: 26 | AT28: =MOD((IF(LEN(AS28+$AT$2)>1,LEFT(AS28+$AT$2,1)+RIGHT(AS28+$AT$2,1),AS28+$AT$2))-1,9)+1 -> 3 | AV28: 26 | AW28: =MOD((IF(LEN(AV28+$AW$2)>1,LEFT(AV28+$AW$2,1)+RIGHT(AV28+$AW$2,1),AV28+$AW$2))-1,9)+1 -> 4 | AY28: 26 | AZ28: =MOD((IF(LEN(AY28+$AZ$2)>1,LEFT(AY28+$AZ$2,1)+RIGHT(AY28+$AZ$2,1),AY28+$AZ$2))-1,9)+1 -> 5 | CA28: 43857 | CB28: =TEXT(CA28,"DD-MMM") -> 27-Jan | CC28: Aquarius | CD28: Air | CE28: =CC28&" - "&CD28 -> Aquarius - Air
A29: =MOD(B29-1,9)+1 -> 2 | B29: 2018 | C29: =MOD($D$7+$G$7+A29-1,9)+1 -> 5 | R29: 27 | S29: =MOD((IF(LEN(R29+$S$2)>1,LEFT(R29+$S$2,1)+RIGHT(R29+$S$2,1),R29+$S$2))-1,9)+1 -> 4 | U29: 27 | V29: =MOD((IF(LEN(U29+$V$2)>1,LEFT(U29+$V$2,1)+RIGHT(U29+$V$2,1),U29+$V$2))-1,9)+1 -> 5 | X29: 27 | Y29: =MOD((IF(LEN(X29+$Y$2)>1,LEFT(X29+$Y$2,1)+RIGHT(X29+$Y$2,1),X29+$Y$2))-1,9)+1 -> 6 | AA29: 27 | AB29: =MOD((IF(LEN(AA29+$AB$2)>1,LEFT(AA29+$AB$2,1)+RIGHT(AA29+$AB$2,1),AA29+$AB$2))-1,9)+1 -> 7 | AD29: 27 | AE29: =MOD((IF(LEN(AD29+$AE$2)>1,LEFT(AD29+$AE$2,1)+RIGHT(AD29+$AE$2,1),AD29+$AE$2))-1,9)+1 -> 8 | AG29: 27 | AH29: =MOD((IF(LEN(AG29+$AH$2)>1,LEFT(AG29+$AH$2,1)+RIGHT(AG29+$AH$2,1),AG29+$AH$2))-1,9)+1 -> 9 | AJ29: 27 | AK29: =MOD((IF(LEN(AJ29+$AK$2)>1,LEFT(AJ29+$AK$2,1)+RIGHT(AJ29+$AK$2,1),AJ29+$AK$2))-1,9)+1 -> 1 | AM29: 27 | AN29: =MOD((IF(LEN(AM29+$AN$2)>1,LEFT(AM29+$AN$2,1)+RIGHT(AM29+$AN$2,1),AM29+$AN$2))-1,9)+1 -> 2 | AP29: 27 | AQ29: =MOD((IF(LEN(AP29+$AQ$2)>1,LEFT(AP29+$AQ$2,1)+RIGHT(AP29+$AQ$2,1),AP29+$AQ$2))-1,9)+1 -> 3 | AS29: 27 | AT29: =MOD((IF(LEN(AS29+$AT$2)>1,LEFT(AS29+$AT$2,1)+RIGHT(AS29+$AT$2,1),AS29+$AT$2))-1,9)+1 -> 4 | AV29: 27 | AW29: =MOD((IF(LEN(AV29+$AW$2)>1,LEFT(AV29+$AW$2,1)+RIGHT(AV29+$AW$2,1),AV29+$AW$2))-1,9)+1 -> 5 | AY29: 27 | AZ29: =MOD((IF(LEN(AY29+$AZ$2)>1,LEFT(AY29+$AZ$2,1)+RIGHT(AY29+$AZ$2,1),AY29+$AZ$2))-1,9)+1 -> 6 | CA29: 43858 | CB29: =TEXT(CA29,"DD-MMM") -> 28-Jan | CC29: Aquarius | CD29: Air | CE29: =CC29&" - "&CD29 -> Aquarius - Air
A30: =MOD(B30-1,9)+1 -> 3 | B30: 2019 | C30: =MOD($D$7+$G$7+A30-1,9)+1 -> 6 | R30: 28 | S30: =MOD((IF(LEN(R30+$S$2)>1,LEFT(R30+$S$2,1)+RIGHT(R30+$S$2,1),R30+$S$2))-1,9)+1 -> 5 | U30: 28 | V30: =MOD((IF(LEN(U30+$V$2)>1,LEFT(U30+$V$2,1)+RIGHT(U30+$V$2,1),U30+$V$2))-1,9)+1 -> 6 | X30: 28 | Y30: =MOD((IF(LEN(X30+$Y$2)>1,LEFT(X30+$Y$2,1)+RIGHT(X30+$Y$2,1),X30+$Y$2))-1,9)+1 -> 7 | AA30: 28 | AB30: =MOD((IF(LEN(AA30+$AB$2)>1,LEFT(AA30+$AB$2,1)+RIGHT(AA30+$AB$2,1),AA30+$AB$2))-1,9)+1 -> 8 | AD30: 28 | AE30: =MOD((IF(LEN(AD30+$AE$2)>1,LEFT(AD30+$AE$2,1)+RIGHT(AD30+$AE$2,1),AD30+$AE$2))-1,9)+1 -> 9 | AG30: 28 | AH30: =MOD((IF(LEN(AG30+$AH$2)>1,LEFT(AG30+$AH$2,1)+RIGHT(AG30+$AH$2,1),AG30+$AH$2))-1,9)+1 -> 1 | AJ30: 28 | AK30: =MOD((IF(LEN(AJ30+$AK$2)>1,LEFT(AJ30+$AK$2,1)+RIGHT(AJ30+$AK$2,1),AJ30+$AK$2))-1,9)+1 -> 2 | AM30: 28 | AN30: =MOD((IF(LEN(AM30+$AN$2)>1,LEFT(AM30+$AN$2,1)+RIGHT(AM30+$AN$2,1),AM30+$AN$2))-1,9)+1 -> 3 | AP30: 28 | AQ30: =MOD((IF(LEN(AP30+$AQ$2)>1,LEFT(AP30+$AQ$2,1)+RIGHT(AP30+$AQ$2,1),AP30+$AQ$2))-1,9)+1 -> 4 | AS30: 28 | AT30: =MOD((IF(LEN(AS30+$AT$2)>1,LEFT(AS30+$AT$2,1)+RIGHT(AS30+$AT$2,1),AS30+$AT$2))-1,9)+1 -> 5 | AV30: 28 | AW30: =MOD((IF(LEN(AV30+$AW$2)>1,LEFT(AV30+$AW$2,1)+RIGHT(AV30+$AW$2,1),AV30+$AW$2))-1,9)+1 -> 6 | AY30: 28 | AZ30: =MOD((IF(LEN(AY30+$AZ$2)>1,LEFT(AY30+$AZ$2,1)+RIGHT(AY30+$AZ$2,1),AY30+$AZ$2))-1,9)+1 -> 7 | CA30: 43859 | CB30: =TEXT(CA30,"DD-MMM") -> 29-Jan | CC30: Aquarius | CD30: Air | CE30: =CC30&" - "&CD30 -> Aquarius - Air
A31: =MOD(B31-1,9)+1 -> 4 | B31: 2020 | C31: =MOD($D$7+$G$7+A31-1,9)+1 -> 7 | R31: 29 | S31: =MOD((IF(LEN(R31+$S$2)>1,LEFT(R31+$S$2,1)+RIGHT(R31+$S$2,1),R31+$S$2))-1,9)+1 -> 6 | U31: 29 | V31: =MOD((IF(LEN(U31+$V$2)>1,LEFT(U31+$V$2,1)+RIGHT(U31+$V$2,1),U31+$V$2))-1,9)+1 -> 7 | X31: 29 | Y31: =MOD((IF(LEN(X31+$Y$2)>1,LEFT(X31+$Y$2,1)+RIGHT(X31+$Y$2,1),X31+$Y$2))-1,9)+1 -> 8 | AA31: 29 | AB31: =MOD((IF(LEN(AA31+$AB$2)>1,LEFT(AA31+$AB$2,1)+RIGHT(AA31+$AB$2,1),AA31+$AB$2))-1,9)+1 -> 9 | AD31: 29 | AE31: =MOD((IF(LEN(AD31+$AE$2)>1,LEFT(AD31+$AE$2,1)+RIGHT(AD31+$AE$2,1),AD31+$AE$2))-1,9)+1 -> 1 | AG31: 29 | AH31: =MOD((IF(LEN(AG31+$AH$2)>1,LEFT(AG31+$AH$2,1)+RIGHT(AG31+$AH$2,1),AG31+$AH$2))-1,9)+1 -> 2 | AJ31: 29 | AK31: =MOD((IF(LEN(AJ31+$AK$2)>1,LEFT(AJ31+$AK$2,1)+RIGHT(AJ31+$AK$2,1),AJ31+$AK$2))-1,9)+1 -> 3 | AM31: 29 | AN31: =MOD((IF(LEN(AM31+$AN$2)>1,LEFT(AM31+$AN$2,1)+RIGHT(AM31+$AN$2,1),AM31+$AN$2))-1,9)+1 -> 4 | AP31: 29 | AQ31: =MOD((IF(LEN(AP31+$AQ$2)>1,LEFT(AP31+$AQ$2,1)+RIGHT(AP31+$AQ$2,1),AP31+$AQ$2))-1,9)+1 -> 5 | AS31: 29 | AT31: =MOD((IF(LEN(AS31+$AT$2)>1,LEFT(AS31+$AT$2,1)+RIGHT(AS31+$AT$2,1),AS31+$AT$2))-1,9)+1 -> 6 | AV31: 29 | AW31: =MOD((IF(LEN(AV31+$AW$2)>1,LEFT(AV31+$AW$2,1)+RIGHT(AV31+$AW$2,1),AV31+$AW$2))-1,9)+1 -> 7 | AY31: 29 | AZ31: =MOD((IF(LEN(AY31+$AZ$2)>1,LEFT(AY31+$AZ$2,1)+RIGHT(AY31+$AZ$2,1),AY31+$AZ$2))-1,9)+1 -> 8 | CA31: 43860 | CB31: =TEXT(CA31,"DD-MMM") -> 30-Jan | CC31: Aquarius | CD31: Air | CE31: =CC31&" - "&CD31 -> Aquarius - Air
A32: =MOD(B32-1,9)+1 -> 5 | B32: 2021 | C32: =MOD($D$7+$G$7+A32-1,9)+1 -> 8 | R32: 30 | S32: =MOD((IF(LEN(R32+$S$2)>1,LEFT(R32+$S$2,1)+RIGHT(R32+$S$2,1),R32+$S$2))-1,9)+1 -> 7 | X32: 30 | Y32: =MOD((IF(LEN(X32+$Y$2)>1,LEFT(X32+$Y$2,1)+RIGHT(X32+$Y$2,1),X32+$Y$2))-1,9)+1 -> 9 | AA32: 30 | AB32: =MOD((IF(LEN(AA32+$AB$2)>1,LEFT(AA32+$AB$2,1)+RIGHT(AA32+$AB$2,1),AA32+$AB$2))-1,9)+1 -> 1 | AD32: 30 | AE32: =MOD((IF(LEN(AD32+$AE$2)>1,LEFT(AD32+$AE$2,1)+RIGHT(AD32+$AE$2,1),AD32+$AE$2))-1,9)+1 -> 2 | AG32: 30 | AH32: =MOD((IF(LEN(AG32+$AH$2)>1,LEFT(AG32+$AH$2,1)+RIGHT(AG32+$AH$2,1),AG32+$AH$2))-1,9)+1 -> 3 | AJ32: 30 | AK32: =MOD((IF(LEN(AJ32+$AK$2)>1,LEFT(AJ32+$AK$2,1)+RIGHT(AJ32+$AK$2,1),AJ32+$AK$2))-1,9)+1 -> 4 | AM32: 30 | AN32: =MOD((IF(LEN(AM32+$AN$2)>1,LEFT(AM32+$AN$2,1)+RIGHT(AM32+$AN$2,1),AM32+$AN$2))-1,9)+1 -> 5 | AP32: 30 | AQ32: =MOD((IF(LEN(AP32+$AQ$2)>1,LEFT(AP32+$AQ$2,1)+RIGHT(AP32+$AQ$2,1),AP32+$AQ$2))-1,9)+1 -> 6 | AS32: 30 | AT32: =MOD((IF(LEN(AS32+$AT$2)>1,LEFT(AS32+$AT$2,1)+RIGHT(AS32+$AT$2,1),AS32+$AT$2))-1,9)+1 -> 7 | AV32: 30 | AW32: =MOD((IF(LEN(AV32+$AW$2)>1,LEFT(AV32+$AW$2,1)+RIGHT(AV32+$AW$2,1),AV32+$AW$2))-1,9)+1 -> 8 | AY32: 30 | AZ32: =MOD((IF(LEN(AY32+$AZ$2)>1,LEFT(AY32+$AZ$2,1)+RIGHT(AY32+$AZ$2,1),AY32+$AZ$2))-1,9)+1 -> 9 | CA32: 43861 | CB32: =TEXT(CA32,"DD-MMM") -> 31-Jan | CC32: Aquarius | CD32: Air | CE32: =CC32&" - "&CD32 -> Aquarius - Air
A33: =MOD(B33-1,9)+1 -> 6 | B33: 2022 | C33: =MOD($D$7+$G$7+A33-1,9)+1 -> 9 | R33: 31 | S33: =MOD((IF(LEN(R33+$S$2)>1,LEFT(R33+$S$2,1)+RIGHT(R33+$S$2,1),R33+$S$2))-1,9)+1 -> 8 | X33: 31 | Y33: =MOD((IF(LEN(X33+$Y$2)>1,LEFT(X33+$Y$2,1)+RIGHT(X33+$Y$2,1),X33+$Y$2))-1,9)+1 -> 1 | AD33: 31 | AE33: =MOD((IF(LEN(AD33+$AE$2)>1,LEFT(AD33+$AE$2,1)+RIGHT(AD33+$AE$2,1),AD33+$AE$2))-1,9)+1 -> 3 | AJ33: 31 | AK33: =MOD((IF(LEN(AJ33+$AK$2)>1,LEFT(AJ33+$AK$2,1)+RIGHT(AJ33+$AK$2,1),AJ33+$AK$2))-1,9)+1 -> 5 | AM33: 31 | AN33: =MOD((IF(LEN(AM33+$AN$2)>1,LEFT(AM33+$AN$2,1)+RIGHT(AM33+$AN$2,1),AM33+$AN$2))-1,9)+1 -> 6 | AS33: 31 | AT33: =MOD((IF(LEN(AS33+$AT$2)>1,LEFT(AS33+$AT$2,1)+RIGHT(AS33+$AT$2,1),AS33+$AT$2))-1,9)+1 -> 8 | AY33: 31 | AZ33: =MOD((IF(LEN(AY33+$AZ$2)>1,LEFT(AY33+$AZ$2,1)+RIGHT(AY33+$AZ$2,1),AY33+$AZ$2))-1,9)+1 -> 1 | CA33: 43862 | CB33: =TEXT(CA33,"DD-MMM") -> 01-Feb | CC33: Aquarius | CD33: Air | CE33: =CC33&" - "&CD33 -> Aquarius - Air
A34: =MOD(B34-1,9)+1 -> 7 | B34: 2023 | C34: =MOD($D$7+$G$7+A34-1,9)+1 -> 1 | CA34: 43863 | CB34: =TEXT(CA34,"DD-MMM") -> 02-Feb | CC34: Aquarius | CD34: Air | CE34: =CC34&" - "&CD34 -> Aquarius - Air
A35: =MOD(B35-1,9)+1 -> 8 | B35: 2024 | C35: =MOD($D$7+$G$7+A35-1,9)+1 -> 2 | CA35: 43864 | CB35: =TEXT(CA35,"DD-MMM") -> 03-Feb | CC35: Aquarius | CD35: Air | CE35: =CC35&" - "&CD35 -> Aquarius - Air
A36: =MOD(B36-1,9)+1 -> 9 | B36: 2025 | C36: =MOD($D$7+$G$7+A36-1,9)+1 -> 3 | CA36: 43865 | CB36: =TEXT(CA36,"DD-MMM") -> 04-Feb | CC36: Aquarius | CD36: Air | CE36: =CC36&" - "&CD36 -> Aquarius - Air
A37: =MOD(B37-1,9)+1 -> 1 | B37: 2026 | C37: =MOD($D$7+$G$7+A37-1,9)+1 -> 4 | CA37: 43866 | CB37: =TEXT(CA37,"DD-MMM") -> 05-Feb | CC37: Aquarius | CD37: Air | CE37: =CC37&" - "&CD37 -> Aquarius - Air
A38: =MOD(B38-1,9)+1 -> 2 | B38: 2027 | C38: =MOD($D$7+$G$7+A38-1,9)+1 -> 5 | CA38: 43867 | CB38: =TEXT(CA38,"DD-MMM") -> 06-Feb | CC38: Aquarius | CD38: Air | CE38: =CC38&" - "&CD38 -> Aquarius - Air
A39: =MOD(B39-1,9)+1 -> 3 | B39: 2028 | C39: =MOD($D$7+$G$7+A39-1,9)+1 -> 6 | CA39: 43868 | CB39: =TEXT(CA39,"DD-MMM") -> 07-Feb | CC39: Aquarius | CD39: Air | CE39: =CC39&" - "&CD39 -> Aquarius - Air
A40: =MOD(B40-1,9)+1 -> 4 | B40: 2029 | C40: =MOD($D$7+$G$7+A40-1,9)+1 -> 7 | CA40: 43869 | CB40: =TEXT(CA40,"DD-MMM") -> 08-Feb | CC40: Aquarius | CD40: Air | CE40: =CC40&" - "&CD40 -> Aquarius - Air
CA41: 43870 | CB41: =TEXT(CA41,"DD-MMM") -> 09-Feb | CC41: Aquarius | CD41: Air | CE41: =CC41&" - "&CD41 -> Aquarius - Air
CA42: 43871 | CB42: =TEXT(CA42,"DD-MMM") -> 10-Feb | CC42: Aquarius | CD42: Air | CE42: =CC42&" - "&CD42 -> Aquarius - Air
CA43: 43872 | CB43: =TEXT(CA43,"DD-MMM") -> 11-Feb | CC43: Aquarius | CD43: Air | CE43: =CC43&" - "&CD43 -> Aquarius - Air
CA44: 43873 | CB44: =TEXT(CA44,"DD-MMM") -> 12-Feb | CC44: Aquarius | CD44: Air | CE44: =CC44&" - "&CD44 -> Aquarius - Air
CA45: 43874 | CB45: =TEXT(CA45,"DD-MMM") -> 13-Feb | CC45: Aquarius | CD45: Air | CE45: =CC45&" - "&CD45 -> Aquarius - Air
CA46: 43875 | CB46: =TEXT(CA46,"DD-MMM") -> 14-Feb | CC46: Aquarius | CD46: Air | CE46: =CC46&" - "&CD46 -> Aquarius - Air
CA47: 43876 | CB47: =TEXT(CA47,"DD-MMM") -> 15-Feb | CC47: Aquarius | CD47: Air | CE47: =CC47&" - "&CD47 -> Aquarius - Air
CA48: 43877 | CB48: =TEXT(CA48,"DD-MMM") -> 16-Feb | CC48: Aquarius | CD48: Air | CE48: =CC48&" - "&CD48 -> Aquarius - Air
CA49: 43878 | CB49: =TEXT(CA49,"DD-MMM") -> 17-Feb | CC49: Aquarius | CD49: Air | CE49: =CC49&" - "&CD49 -> Aquarius - Air
CA50: 43879 | CB50: =TEXT(CA50,"DD-MMM") -> 18-Feb | CC50: Aquarius | CD50: Air | CE50: =CC50&" - "&CD50 -> Aquarius - Air
CA51: 43880 | CB51: =TEXT(CA51,"DD-MMM") -> 19-Feb | CC51: Pisces | CD51: Water | CE51: =CC51&" - "&CD51 -> Pisces - Water
CA52: 43881 | CB52: =TEXT(CA52,"DD-MMM") -> 20-Feb | CC52: Pisces | CD52: Water | CE52: =CC52&" - "&CD52 -> Pisces - Water
... CA367: 44196 | CB367: =TEXT(CA367,"DD-MMM") -> 31-Dec | CC367: Capricorn | CD367: Earth | CE367: =CC367&" - "&CD367 -> Capricorn - Earth

Sheet Mobile-Vehicle-House-Bank-CoNam
BG1: Alphabet | BH1: Number
A2: Mobile No. 1 | B2: 9829277692 | C2: =SUMPRODUCT(1*MID(B2,ROW(INDIRECT("1:"&LEN(B2))),1)) -> 61 | D2: =MOD(C2-1,9)+1 -> 7 | T2: ='Master Calculator'!Q1 -> BD | U2: ='Master Calculator'!R1 -> LP | BG2: A | BH2: 1
A3: Mobile No. 2 | C3: =SUMPRODUCT(1*MID(B3,ROW(INDIRECT("1:"&LEN(B3))),1)) -> #REF! | D3: =MOD(C3-1,9)+1 -> #REF! | T3: ='Master Calculator'!Q2 -> 2 | U3: ='Master Calculator'!R2 -> 2 | BG3: B | BH3: 2
S4: 1 | T4: ='Master Calculator'!Q3 -> G | U4: ='Master Calculator'!R3 -> G | BG4: C | BH4: 3
A5: Bank A/c No. 1 | C5: =SUMPRODUCT(1*MID(B5,ROW(INDIRECT("1:"&LEN(B5))),1)) -> #REF! | D5: =MOD(C5-1,9)+1 -> #REF! | S5: 2 | T5: ='Master Calculator'!Q4 -> E | U5: ='Master Calculator'!R4 -> E | BG5: D | BH5: 4
A6: Bank A/c No. 2 | C6: =SUMPRODUCT(1*MID(B6,ROW(INDIRECT("1:"&LEN(B6))),1)) -> #REF! | D6: =MOD(C6-1,9)+1 -> #REF! | S6: 3 | T6: ='Master Calculator'!Q5 -> G | U6: ='Master Calculator'!R5 -> G | BG6: E | BH6: 5
S7: 4 | T7: ='Master Calculator'!Q6 -> G | U7: ='Master Calculator'!R6 -> G | BG7: F | BH7: 8
S8: 5 | T8: ='Master Calculator'!Q7 -> F | U8: ='Master Calculator'!R7 -> F | BG8: G | BH8: 3
A9: Vehicle 1 | B9: rj14cy5850 | C9: =MID($B9,COLUMNS($B$9:B$9),1) -> r | D9: =MID($B9,COLUMNS($B$9:C$9),1) -> j | E9: =MID($B9,COLUMNS($B$9:D$9),1) -> 1 | F9: =MID($B9,COLUMNS($B$9:E$9),1) -> 4 | G9: =MID($B9,COLUMNS($B$9:F$9),1) -> c | H9: =MID($B9,COLUMNS($B$9:G$9),1) -> y | I9: =MID($B9,COLUMNS($B$9:H$9),1) -> 5 | J9: =MID($B9,COLUMNS($B$9:I$9),1) -> 8 | ... L9: =MID($B9,COLUMNS($B$9:K$9),1) -> 0 | S9: 6 | T9: ='Master Calculator'!Q8 -> G | U9: ='Master Calculator'!R8 -> G | BG9: H | BH9: 5
C10: =IFERROR(VLOOKUP(C9,$BG:$BH,2,0),0) -> 2 | D10: =IFERROR(VLOOKUP(D9,$BG:$BH,2,0),0) -> 1 | E10: =IFERROR(VLOOKUP(E9,$BG:$BH,2,0),0) -> 1 | F10: =IFERROR(VLOOKUP(F9,$BG:$BH,2,0),0) -> 4 | G10: =IFERROR(VLOOKUP(G9,$BG:$BH,2,0),0) -> 3 | H10: =IFERROR(VLOOKUP(H9,$BG:$BH,2,0),0) -> 1 | I10: =IFERROR(VLOOKUP(I9,$BG:$BH,2,0),0) -> 5 | J10: =IFERROR(VLOOKUP(J9,$BG:$BH,2,0),0) -> 8 | ... L10: =IFERROR(VLOOKUP(L9,$BG:$BH,2,0),0) -> 0 | M10: = | N10: =C10+D10+E10+F10+G10+H10+I10+J10+K10+L10 -> 30 | O10: =MOD(N10-1,9)+1 -> 3 | S10: 7 | T10: ='Master Calculator'!Q9 -> VG | U10: ='Master Calculator'!R9 -> VG | BG10: I | BH10: 1
S11: 8 | T11: ='Master Calculator'!Q10 -> A | U11: ='Master Calculator'!R10 -> A | BG11: J | BH11: 1
A12: Vehicle 2 | B12: KBP171K | C12: =MID($B12,COLUMNS($B$9:B$9),1) -> K | D12: =MID($B12,COLUMNS($B$9:C$9),1) -> B | E12: =MID($B12,COLUMNS($B$9:D$9),1) -> P | F12: =MID($B12,COLUMNS($B$9:E$9),1) -> 1 | G12: =MID($B12,COLUMNS($B$9:F$9),1) -> 7 | H12: =MID($B12,COLUMNS($B$9:G$9),1) -> 1 | I12: =MID($B12,COLUMNS($B$9:H$9),1) -> K | J12: =MID($B12,COLUMNS($B$9:I$9),1) | ... L12: =MID($B12,COLUMNS($B$9:K$9),1) | S12: 9 | T12: ='Master Calculator'!Q11 -> A | U12: ='Master Calculator'!R11 -> A | BG12: K | BH12: 2
C13: =IFERROR(VLOOKUP(C12,$BG:$BH,2,0),0) -> 2 | D13: =IFERROR(VLOOKUP(D12,$BG:$BH,2,0),0) -> 2 | E13: =IFERROR(VLOOKUP(E12,$BG:$BH,2,0),0) -> 8 | F13: =IFERROR(VLOOKUP(F12,$BG:$BH,2,0),0) -> 1 | G13: =IFERROR(VLOOKUP(G12,$BG:$BH,2,0),0) -> 7 | H13: =IFERROR(VLOOKUP(H12,$BG:$BH,2,0),0) -> 1 | I13: =IFERROR(VLOOKUP(I12,$BG:$BH,2,0),0) -> 2 | J13: =IFERROR(VLOOKUP(J12,$BG:$BH,2,0),0) -> 0 | ... L13: =IFERROR(VLOOKUP(L12,$BG:$BH,2,0),0) -> 0 | M13: = | N13: =SUM(C13:L13) -> 23 | O13: =MOD(N13-1,9)+1 -> 5 | BG13: L | BH13: 3
BG14: M | BH14: 4
BG15: N | BH15: 5
A16: House Number | B16: b 25 | C16: =MID($B16,COLUMNS($B$9:B$9),1) -> b | D16: =MID($B16,COLUMNS($B$9:C$9),1) | E16: =MID($B16,COLUMNS($B$9:D$9),1) -> 2 | F16: =MID($B16,COLUMNS($B$9:E$9),1) -> 5 | G16: =MID($B16,COLUMNS($B$9:F$9),1) | H16: =MID($B16,COLUMNS($B$9:G$9),1) | I16: =MID($B16,COLUMNS($B$9:H$9),1) | J16: =MID($B16,COLUMNS($B$9:I$9),1) | ... L16: =MID($B16,COLUMNS($B$9:K$9),1) | BG16: O | BH16: 7
C17: =IFERROR(VLOOKUP(C16,$BG:$BH,2,0),0) -> 2 | D17: =IFERROR(VLOOKUP(D16,$BG:$BH,2,0),0) -> 0 | E17: =IFERROR(VLOOKUP(E16,$BG:$BH,2,0),0) -> 2 | F17: =IFERROR(VLOOKUP(F16,$BG:$BH,2,0),0) -> 5 | G17: =IFERROR(VLOOKUP(G16,$BG:$BH,2,0),0) -> 0 | H17: =IFERROR(VLOOKUP(H16,$BG:$BH,2,0),0) -> 0 | I17: =IFERROR(VLOOKUP(I16,$BG:$BH,2,0),0) -> 0 | J17: =IFERROR(VLOOKUP(J16,$BG:$BH,2,0),0) -> 0 | ... L17: =IFERROR(VLOOKUP(L16,$BG:$BH,2,0),0) -> 0 | M17: = | N17: =SUM(C17:L17) -> 9 | O17: =MOD(N17-1,9)+1 -> 9 | BG17: P | BH17: 8
BG18: Q | BH18: 1
BG19: R | BH19: 2
BG20: S | BH20: 3
BG21: T | BH21: 4
A22: Company Name | BG22: U | BH22: 6
A23: Co Name / Brand | B23: Avaa Enterprises Limited | D23: =MasterTables!BU98 -> 74 | E23: =MOD(D23-1,9)+1 -> 2 | BG23: V | BH23: 6
BG24: W | BH24: 6
D25: BD | E25: ='Master Calculator'!C6 -> 2 | F25: =IF(E25=E23,"Very Good","Not Good") -> Very Good | BG25: X | BH25: 5
D26: LP | E26: ='Master Calculator'!C7 -> 2 | F26: =IF(E26=E23,"Very Good","Not Good") -> Very Good | BG26: Y | BH26: 1
BG27: Z | BH27: 7
BG28: 1 | BH28: 1
A29: Company Name | BG29: 2 | BH29: 2
A30: Co Name / Brand | B30: ChaganBahi Maganbhai Chimanlal Financial Services Private Limited | D30: =MasterTables!BU102 -> 181 | E30: =MOD(D30-1,9)+1 -> 1 | BG30: 3 | BH30: 3
BG31: 4 | BH31: 4
D32: BD | E32: ='Master Calculator'!C6 -> 2 | F32: =IF(E32=E30,"Very Good","Not Good") -> Not Good | BG32: 5 | BH32: 5
D33: LP | E33: ='Master Calculator'!C7 -> 2 | F33: =IF(E33=E30,"Very Good","Not Good") -> Not Good | BG33: 6 | BH33: 6
BG34: 7 | BH34: 7
BG35: 8 | BH35: 8
BG36: 9 | BH36: 9
BG37: 0 | BH37: 0

Sheet Past - Future PY-PM-PD
R1: Jan | U1: Feb | X1: March | AA1: April | AD1: May | AG1: June | AJ1: July | AM1: Aug | AP1: Sep | AS1: Oct | AV1: Nov | AY1: Dec | CA1: Date | CB1: Date | CC1: Zodiac | CD1: Element | CE1: =CC1&" - "&CD1 -> Zodiac - Element
D2: D | E2: D | G2: M | H2: M | J2: Y | K2: Y | L2: Y | M2: Y | Q2: Personal Month | R2: 1 | S2: =IF(LEN(R2+$F$16)>1,LEFT(R2+$F$16,1)+RIGHT(R2+$F$16,1),R2+$F$16) -> 5 | U2: 2 | V2: =IF(LEN(U2+$F$16)>1,LEFT(U2+$F$16,1)+RIGHT(U2+$F$16,1),U2+$F$16) -> 6 | X2: 3 | Y2: =IF(LEN(X2+$F$16)>1,LEFT(X2+$F$16,1)+RIGHT(X2+$F$16,1),X2+$F$16) -> 7 | AA2: 4 | AB2: =IF(LEN(AA2+$F$16)>1,LEFT(AA2+$F$16,1)+RIGHT(AA2+$F$16,1),AA2+$F$16) -> 8 | AD2: 5 | AE2: =IF(LEN(AD2+$F$16)>1,LEFT(AD2+$F$16,1)+RIGHT(AD2+$F$16,1),AD2+$F$16) -> 9 | AG2: 6 | AH2: =IF(LEN(AG2+$F$16)>1,LEFT(AG2+$F$16,1)+RIGHT(AG2+$F$16,1),AG2+$F$16) -> 1 | AJ2: 7 | AK2: =IF(LEN(AJ2+$F$16)>1,LEFT(AJ2+$F$16,1)+RIGHT(AJ2+$F$16,1),AJ2+$F$16) -> 2 | AM2: 8 | AN2: =IF(LEN(AM2+$F$16)>1,LEFT(AM2+$F$16,1)+RIGHT(AM2+$F$16,1),AM2+$F$16) -> 3 | AP2: 9 | AQ2: =IF(LEN(AP2+$F$16)>1,LEFT(AP2+$F$16,1)+RIGHT(AP2+$F$16,1),AP2+$F$16) -> 4 | AS2: 1 | AT2: =IF(LEN(AS2+$F$16)>1,LEFT(AS2+$F$16,1)+RIGHT(AS2+$F$16,1),AS2+$F$16) -> 5 | AV2: 2 | AW2: =IF(LEN(AV2+$F$16)>1,LEFT(AV2+$F$16,1)+RIGHT(AV2+$F$16,1),AV2+$F$16) -> 6 | AY2: 3 | AZ2: =IF(LEN(AY2+$F$16)>1,LEFT(AY2+$F$16,1)+RIGHT(AY2+$F$16,1),AY2+$F$16) -> 7 | CA2: 43831 | CB2: =TEXT(CA2,"DD-MMM") -> 01-Jan | CC2: Capricorn | CD2: Earth | CE2: =CC2&" - "&CD2 -> Capricorn - Earth
B3: Date of Birth | C3: 24163 | D3: =MID(B5,1,1) -> 2 | E3: =MID(B5,2,1) -> 5 | G3: =MID(B5,4,1) -> 0 | H3: =MID(B5,5,1) -> 2 | J3: =MID(B5,7,1) -> 1 | K3: =MID(B5,8,1) -> 9 | L3: =MID(B5,9,1) -> 6 | M3: =MID(B5,10,1) -> 6 | Q3: Personal Day | R3: 1 | S3: =MOD((IF(LEN(R3+$S$2)>1,LEFT(R3+$S$2,1)+RIGHT(R3+$S$2,1),R3+$S$2))-1,9)+1 -> 6 | U3: 1 | V3: =MOD((IF(LEN(U3+$V$2)>1,LEFT(U3+$V$2,1)+RIGHT(U3+$V$2,1),U3+$V$2))-1,9)+1 -> 7 | X3: 1 | Y3: =MOD((IF(LEN(X3+$Y$2)>1,LEFT(X3+$Y$2,1)+RIGHT(X3+$Y$2,1),X3+$Y$2))-1,9)+1 -> 8 | AA3: 1 | AB3: =MOD((IF(LEN(AA3+$AB$2)>1,LEFT(AA3+$AB$2,1)+RIGHT(AA3+$AB$2,1),AA3+$AB$2))-1,9)+1 -> 9 | AD3: 1 | AE3: =MOD((IF(LEN(AD3+$AE$2)>1,LEFT(AD3+$AE$2,1)+RIGHT(AD3+$AE$2,1),AD3+$AE$2))-1,9)+1 -> 1 | AG3: 1 | AH3: =MOD((IF(LEN(AG3+$AH$2)>1,LEFT(AG3+$AH$2,1)+RIGHT(AG3+$AH$2,1),AG3+$AH$2))-1,9)+1 -> 2 | AJ3: 1 | AK3: =MOD((IF(LEN(AJ3+$AK$2)>1,LEFT(AJ3+$AK$2,1)+RIGHT(AJ3+$AK$2,1),AJ3+$AK$2))-1,9)+1 -> 3 | AM3: 1 | AN3: =MOD((IF(LEN(AM3+$AN$2)>1,LEFT(AM3+$AN$2,1)+RIGHT(AM3+$AN$2,1),AM3+$AN$2))-1,9)+1 -> 4 | AP3: 1 | AQ3: =MOD((IF(LEN(AP3+$AQ$2)>1,LEFT(AP3+$AQ$2,1)+RIGHT(AP3+$AQ$2,1),AP3+$AQ$2))-1,9)+1 -> 5 | AS3: 1 | AT3: =MOD((IF(LEN(AS3+$AT$2)>1,LEFT(AS3+$AT$2,1)+RIGHT(AS3+$AT$2,1),AS3+$AT$2))-1,9)+1 -> 6 | AV3: 1 | AW3: =MOD((IF(LEN(AV3+$AW$2)>1,LEFT(AV3+$AW$2,1)+RIGHT(AV3+$AW$2,1),AV3+$AW$2))-1,9)+1 -> 7 | AY3: 1 | AZ3: =MOD((IF(LEN(AY3+$AZ$2)>1,LEFT(AY3+$AZ$2,1)+RIGHT(AY3+$AZ$2,1),AY3+$AZ$2))-1,9)+1 -> 8 | CA3: 43832 | CB3: =TEXT(CA3,"DD-MMM") -> 02-Jan | CC3: Capricorn | CD3: Earth | CE3: =CC3&" - "&CD3 -> Capricorn - Earth
B4: =TEXT(C3,("DD-MMM")) -> 25-Feb | J4: =J3&K3&L3&M3 -> 1966 | M4: =SUMPRODUCT(1*MID(J4,ROW(INDIRECT("1:"&LEN(J4))),1)) -> 22 | R4: 2 | S4: =MOD((IF(LEN(R4+$S$2)>1,LEFT(R4+$S$2,1)+RIGHT(R4+$S$2,1),R4+$S$2))-1,9)+1 -> 7 | U4: 2 | V4: =MOD((IF(LEN(U4+$V$2)>1,LEFT(U4+$V$2,1)+RIGHT(U4+$V$2,1),U4+$V$2))-1,9)+1 -> 8 | X4: 2 | Y4: =MOD((IF(LEN(X4+$Y$2)>1,LEFT(X4+$Y$2,1)+RIGHT(X4+$Y$2,1),X4+$Y$2))-1,9)+1 -> 9 | AA4: 2 | AB4: =MOD((IF(LEN(AA4+$AB$2)>1,LEFT(AA4+$AB$2,1)+RIGHT(AA4+$AB$2,1),AA4+$AB$2))-1,9)+1 -> 1 | AD4: 2 | AE4: =MOD((IF(LEN(AD4+$AE$2)>1,LEFT(AD4+$AE$2,1)+RIGHT(AD4+$AE$2,1),AD4+$AE$2))-1,9)+1 -> 2 | AG4: 2 | AH4: =MOD((IF(LEN(AG4+$AH$2)>1,LEFT(AG4+$AH$2,1)+RIGHT(AG4+$AH$2,1),AG4+$AH$2))-1,9)+1 -> 3 | AJ4: 2 | AK4: =MOD((IF(LEN(AJ4+$AK$2)>1,LEFT(AJ4+$AK$2,1)+RIGHT(AJ4+$AK$2,1),AJ4+$AK$2))-1,9)+1 -> 4 | AM4: 2 | AN4: =MOD((IF(LEN(AM4+$AN$2)>1,LEFT(AM4+$AN$2,1)+RIGHT(AM4+$AN$2,1),AM4+$AN$2))-1,9)+1 -> 5 | AP4: 2 | AQ4: =MOD((IF(LEN(AP4+$AQ$2)>1,LEFT(AP4+$AQ$2,1)+RIGHT(AP4+$AQ$2,1),AP4+$AQ$2))-1,9)+1 -> 6 | AS4: 2 | AT4: =MOD((IF(LEN(AS4+$AT$2)>1,LEFT(AS4+$AT$2,1)+RIGHT(AS4+$AT$2,1),AS4+$AT$2))-1,9)+1 -> 7 | AV4: 2 | AW4: =MOD((IF(LEN(AV4+$AW$2)>1,LEFT(AV4+$AW$2,1)+RIGHT(AV4+$AW$2,1),AV4+$AW$2))-1,9)+1 -> 8 | AY4: 2 | AZ4: =MOD((IF(LEN(AY4+$AZ$2)>1,LEFT(AY4+$AZ$2,1)+RIGHT(AY4+$AZ$2,1),AY4+$AZ$2))-1,9)+1 -> 9 | CA4: 43833 | CB4: =TEXT(CA4,"DD-MMM") -> 03-Jan | CC4: Capricorn | CD4: Earth | CE4: =CC4&" - "&CD4 -> Capricorn - Earth
B5: =TEXT(C3,"DD-MM-YYYY") -> 25-02-1966 | C5: Zodiac & Element | D5: BD | G5: BM | J5: BY | R5: 3 | S5: =MOD((IF(LEN(R5+$S$2)>1,LEFT(R5+$S$2,1)+RIGHT(R5+$S$2,1),R5+$S$2))-1,9)+1 -> 8 | U5: 3 | V5: =MOD((IF(LEN(U5+$V$2)>1,LEFT(U5+$V$2,1)+RIGHT(U5+$V$2,1),U5+$V$2))-1,9)+1 -> 9 | X5: 3 | Y5: =MOD((IF(LEN(X5+$Y$2)>1,LEFT(X5+$Y$2,1)+RIGHT(X5+$Y$2,1),X5+$Y$2))-1,9)+1 -> 1 | AA5: 3 | AB5: =MOD((IF(LEN(AA5+$AB$2)>1,LEFT(AA5+$AB$2,1)+RIGHT(AA5+$AB$2,1),AA5+$AB$2))-1,9)+1 -> 2 | AD5: 3 | AE5: =MOD((IF(LEN(AD5+$AE$2)>1,LEFT(AD5+$AE$2,1)+RIGHT(AD5+$AE$2,1),AD5+$AE$2))-1,9)+1 -> 3 | AG5: 3 | AH5: =MOD((IF(LEN(AG5+$AH$2)>1,LEFT(AG5+$AH$2,1)+RIGHT(AG5+$AH$2,1),AG5+$AH$2))-1,9)+1 -> 4 | AJ5: 3 | AK5: =MOD((IF(LEN(AJ5+$AK$2)>1,LEFT(AJ5+$AK$2,1)+RIGHT(AJ5+$AK$2,1),AJ5+$AK$2))-1,9)+1 -> 5 | AM5: 3 | AN5: =MOD((IF(LEN(AM5+$AN$2)>1,LEFT(AM5+$AN$2,1)+RIGHT(AM5+$AN$2,1),AM5+$AN$2))-1,9)+1 -> 6 | AP5: 3 | AQ5: =MOD((IF(LEN(AP5+$AQ$2)>1,LEFT(AP5+$AQ$2,1)+RIGHT(AP5+$AQ$2,1),AP5+$AQ$2))-1,9)+1 -> 7 | AS5: 3 | AT5: =MOD((IF(LEN(AS5+$AT$2)>1,LEFT(AS5+$AT$2,1)+RIGHT(AS5+$AT$2,1),AS5+$AT$2))-1,9)+1 -> 8 | AV5: 3 | AW5: =MOD((IF(LEN(AV5+$AW$2)>1,LEFT(AV5+$AW$2,1)+RIGHT(AV5+$AW$2,1),AV5+$AW$2))-1,9)+1 -> 9 | AY5: 3 | AZ5: =MOD((IF(LEN(AY5+$AZ$2)>1,LEFT(AY5+$AZ$2,1)+RIGHT(AY5+$AZ$2,1),AY5+$AZ$2))-1,9)+1 -> 1 | CA5: 43834 | CB5: =TEXT(CA5,"DD-MMM") -> 04-Jan | CC5: Capricorn | CD5: Earth | CE5: =CC5&" - "&CD5 -> Capricorn - Earth
C6: =VLOOKUP(B4,CB:CE,4,0) -> Pisces - Water | D6: =D3+E3 -> 7 | G6: =G3+H3 -> 2 | J6: =SUMPRODUCT(1*MID(M4,ROW(INDIRECT("1:"&LEN(M4))),1)) -> 4 | R6: 4 | S6: =MOD((IF(LEN(R6+$S$2)>1,LEFT(R6+$S$2,1)+RIGHT(R6+$S$2,1),R6+$S$2))-1,9)+1 -> 9 | U6: 4 | V6: =MOD((IF(LEN(U6+$V$2)>1,LEFT(U6+$V$2,1)+RIGHT(U6+$V$2,1),U6+$V$2))-1,9)+1 -> 1 | X6: 4 | Y6: =MOD((IF(LEN(X6+$Y$2)>1,LEFT(X6+$Y$2,1)+RIGHT(X6+$Y$2,1),X6+$Y$2))-1,9)+1 -> 2 | AA6: 4 | AB6: =MOD((IF(LEN(AA6+$AB$2)>1,LEFT(AA6+$AB$2,1)+RIGHT(AA6+$AB$2,1),AA6+$AB$2))-1,9)+1 -> 3 | AD6: 4 | AE6: =MOD((IF(LEN(AD6+$AE$2)>1,LEFT(AD6+$AE$2,1)+RIGHT(AD6+$AE$2,1),AD6+$AE$2))-1,9)+1 -> 4 | AG6: 4 | AH6: =MOD((IF(LEN(AG6+$AH$2)>1,LEFT(AG6+$AH$2,1)+RIGHT(AG6+$AH$2,1),AG6+$AH$2))-1,9)+1 -> 5 | AJ6: 4 | AK6: =MOD((IF(LEN(AJ6+$AK$2)>1,LEFT(AJ6+$AK$2,1)+RIGHT(AJ6+$AK$2,1),AJ6+$AK$2))-1,9)+1 -> 6 | AM6: 4 | AN6: =MOD((IF(LEN(AM6+$AN$2)>1,LEFT(AM6+$AN$2,1)+RIGHT(AM6+$AN$2,1),AM6+$AN$2))-1,9)+1 -> 7 | AP6: 4 | AQ6: =MOD((IF(LEN(AP6+$AQ$2)>1,LEFT(AP6+$AQ$2,1)+RIGHT(AP6+$AQ$2,1),AP6+$AQ$2))-1,9)+1 -> 8 | AS6: 4 | AT6: =MOD((IF(LEN(AS6+$AT$2)>1,LEFT(AS6+$AT$2,1)+RIGHT(AS6+$AT$2,1),AS6+$AT$2))-1,9)+1 -> 9 | AV6: 4 | AW6: =MOD((IF(LEN(AV6+$AW$2)>1,LEFT(AV6+$AW$2,1)+RIGHT(AV6+$AW$2,1),AV6+$AW$2))-1,9)+1 -> 1 | AY6: 4 | AZ6: =MOD((IF(LEN(AY6+$AZ$2)>1,LEFT(AY6+$AZ$2,1)+RIGHT(AY6+$AZ$2,1),AY6+$AZ$2))-1,9)+1 -> 2 | CA6: 43835 | CB6: =TEXT(CA6,"DD-MMM") -> 05-Jan | CC6: Capricorn | CD6: Earth | CE6: =CC6&" - "&CD6 -> Capricorn - Earth
C7: BD | D7: =IF(LEN(D6)>1,LEFT(D6,1)+RIGHT(D6,1),D6) -> 7 | G7: =IF(LEN(G6)>1,LEFT(G6,1)+RIGHT(G6,1),G6) -> 2 | J7: =SUMPRODUCT(1*MID(J6,ROW(INDIRECT("1:"&LEN(J6))),1)) -> 4 | R7: 5 | S7: =MOD((IF(LEN(R7+$S$2)>1,LEFT(R7+$S$2,1)+RIGHT(R7+$S$2,1),R7+$S$2))-1,9)+1 -> 1 | U7: 5 | V7: =MOD((IF(LEN(U7+$V$2)>1,LEFT(U7+$V$2,1)+RIGHT(U7+$V$2,1),U7+$V$2))-1,9)+1 -> 2 | X7: 5 | Y7: =MOD((IF(LEN(X7+$Y$2)>1,LEFT(X7+$Y$2,1)+RIGHT(X7+$Y$2,1),X7+$Y$2))-1,9)+1 -> 3 | AA7: 5 | AB7: =MOD((IF(LEN(AA7+$AB$2)>1,LEFT(AA7+$AB$2,1)+RIGHT(AA7+$AB$2,1),AA7+$AB$2))-1,9)+1 -> 4 | AD7: 5 | AE7: =MOD((IF(LEN(AD7+$AE$2)>1,LEFT(AD7+$AE$2,1)+RIGHT(AD7+$AE$2,1),AD7+$AE$2))-1,9)+1 -> 5 | AG7: 5 | AH7: =MOD((IF(LEN(AG7+$AH$2)>1,LEFT(AG7+$AH$2,1)+RIGHT(AG7+$AH$2,1),AG7+$AH$2))-1,9)+1 -> 6 | AJ7: 5 | AK7: =MOD((IF(LEN(AJ7+$AK$2)>1,LEFT(AJ7+$AK$2,1)+RIGHT(AJ7+$AK$2,1),AJ7+$AK$2))-1,9)+1 -> 7 | AM7: 5 | AN7: =MOD((IF(LEN(AM7+$AN$2)>1,LEFT(AM7+$AN$2,1)+RIGHT(AM7+$AN$2,1),AM7+$AN$2))-1,9)+1 -> 8 | AP7: 5 | AQ7: =MOD((IF(LEN(AP7+$AQ$2)>1,LEFT(AP7+$AQ$2,1)+RIGHT(AP7+$AQ$2,1),AP7+$AQ$2))-1,9)+1 -> 9 | AS7: 5 | AT7: =MOD((IF(LEN(AS7+$AT$2)>1,LEFT(AS7+$AT$2,1)+RIGHT(AS7+$AT$2,1),AS7+$AT$2))-1,9)+1 -> 1 | AV7: 5 | AW7: =MOD((IF(LEN(AV7+$AW$2)>1,LEFT(AV7+$AW$2,1)+RIGHT(AV7+$AW$2,1),AV7+$AW$2))-1,9)+1 -> 2 | AY7: 5 | AZ7: =MOD((IF(LEN(AY7+$AZ$2)>1,LEFT(AY7+$AZ$2,1)+RIGHT(AY7+$AZ$2,1),AY7+$AZ$2))-1,9)+1 -> 3 | CA7: 43836 | CB7: =TEXT(CA7,"DD-MMM") -> 06-Jan | CC7: Capricorn | CD7: Earth | CE7: =CC7&" - "&CD7 -> Capricorn - Earth
C8: LP | D8: =MOD((D7+G7+J7)-1,9)+1 -> 4 | R8: 6 | S8: =MOD((IF(LEN(R8+$S$2)>1,LEFT(R8+$S$2,1)+RIGHT(R8+$S$2,1),R8+$S$2))-1,9)+1 -> 2 | U8: 6 | V8: =MOD((IF(LEN(U8+$V$2)>1,LEFT(U8+$V$2,1)+RIGHT(U8+$V$2,1),U8+$V$2))-1,9)+1 -> 3 | X8: 6 | Y8: =MOD((IF(LEN(X8+$Y$2)>1,LEFT(X8+$Y$2,1)+RIGHT(X8+$Y$2,1),X8+$Y$2))-1,9)+1 -> 4 | AA8: 6 | AB8: =MOD((IF(LEN(AA8+$AB$2)>1,LEFT(AA8+$AB$2,1)+RIGHT(AA8+$AB$2,1),AA8+$AB$2))-1,9)+1 -> 5 | AD8: 6 | AE8: =MOD((IF(LEN(AD8+$AE$2)>1,LEFT(AD8+$AE$2,1)+RIGHT(AD8+$AE$2,1),AD8+$AE$2))-1,9)+1 -> 6 | AG8: 6 | AH8: =MOD((IF(LEN(AG8+$AH$2)>1,LEFT(AG8+$AH$2,1)+RIGHT(AG8+$AH$2,1),AG8+$AH$2))-1,9)+1 -> 7 | AJ8: 6 | AK8: =MOD((IF(LEN(AJ8+$AK$2)>1,LEFT(AJ8+$AK$2,1)+RIGHT(AJ8+$AK$2,1),AJ8+$AK$2))-1,9)+1 -> 8 | AM8: 6 | AN8: =MOD((IF(LEN(AM8+$AN$2)>1,LEFT(AM8+$AN$2,1)+RIGHT(AM8+$AN$2,1),AM8+$AN$2))-1,9)+1 -> 9 | AP8: 6 | AQ8: =MOD((IF(LEN(AP8+$AQ$2)>1,LEFT(AP8+$AQ$2,1)+RIGHT(AP8+$AQ$2,1),AP8+$AQ$2))-1,9)+1 -> 1 | AS8: 6 | AT8: =MOD((IF(LEN(AS8+$AT$2)>1,LEFT(AS8+$AT$2,1)+RIGHT(AS8+$AT$2,1),AS8+$AT$2))-1,9)+1 -> 2 | AV8: 6 | AW8: =MOD((IF(LEN(AV8+$AW$2)>1,LEFT(AV8+$AW$2,1)+RIGHT(AV8+$AW$2,1),AV8+$AW$2))-1,9)+1 -> 3 | AY8: 6 | AZ8: =MOD((IF(LEN(AY8+$AZ$2)>1,LEFT(AY8+$AZ$2,1)+RIGHT(AY8+$AZ$2,1),AY8+$AZ$2))-1,9)+1 -> 4 | CA8: 43837 | CB8: =TEXT(CA8,"DD-MMM") -> 07-Jan | CC8: Capricorn | CD8: Earth | CE8: =CC8&" - "&CD8 -> Capricorn - Earth
R9: 7 | S9: =MOD((IF(LEN(R9+$S$2)>1,LEFT(R9+$S$2,1)+RIGHT(R9+$S$2,1),R9+$S$2))-1,9)+1 -> 3 | U9: 7 | V9: =MOD((IF(LEN(U9+$V$2)>1,LEFT(U9+$V$2,1)+RIGHT(U9+$V$2,1),U9+$V$2))-1,9)+1 -> 4 | X9: 7 | Y9: =MOD((IF(LEN(X9+$Y$2)>1,LEFT(X9+$Y$2,1)+RIGHT(X9+$Y$2,1),X9+$Y$2))-1,9)+1 -> 5 | AA9: 7 | AB9: =MOD((IF(LEN(AA9+$AB$2)>1,LEFT(AA9+$AB$2,1)+RIGHT(AA9+$AB$2,1),AA9+$AB$2))-1,9)+1 -> 6 | AD9: 7 | AE9: =MOD((IF(LEN(AD9+$AE$2)>1,LEFT(AD9+$AE$2,1)+RIGHT(AD9+$AE$2,1),AD9+$AE$2))-1,9)+1 -> 7 | AG9: 7 | AH9: =MOD((IF(LEN(AG9+$AH$2)>1,LEFT(AG9+$AH$2,1)+RIGHT(AG9+$AH$2,1),AG9+$AH$2))-1,9)+1 -> 8 | AJ9: 7 | AK9: =MOD((IF(LEN(AJ9+$AK$2)>1,LEFT(AJ9+$AK$2,1)+RIGHT(AJ9+$AK$2,1),AJ9+$AK$2))-1,9)+1 -> 9 | AM9: 7 | AN9: =MOD((IF(LEN(AM9+$AN$2)>1,LEFT(AM9+$AN$2,1)+RIGHT(AM9+$AN$2,1),AM9+$AN$2))-1,9)+1 -> 1 | AP9: 7 | AQ9: =MOD((IF(LEN(AP9+$AQ$2)>1,LEFT(AP9+$AQ$2,1)+RIGHT(AP9+$AQ$2,1),AP9+$AQ$2))-1,9)+1 -> 2 | AS9: 7 | AT9: =MOD((IF(LEN(AS9+$AT$2)>1,LEFT(AS9+$AT$2,1)+RIGHT(AS9+$AT$2,1),AS9+$AT$2))-1,9)+1 -> 3 | AV9: 7 | AW9: =MOD((IF(LEN(AV9+$AW$2)>1,LEFT(AV9+$AW$2,1)+RIGHT(AV9+$AW$2,1),AV9+$AW$2))-1,9)+1 -> 4 | AY9: 7 | AZ9: =MOD((IF(LEN(AY9+$AZ$2)>1,LEFT(AY9+$AZ$2,1)+RIGHT(AY9+$AZ$2,1),AY9+$AZ$2))-1,9)+1 -> 5 | CA9: 43838 | CB9: =TEXT(CA9,"DD-MMM") -> 08-Jan | CC9: Capricorn | CD9: Earth | CE9: =CC9&" - "&CD9 -> Capricorn - Earth
R10: 8 | S10: =MOD((IF(LEN(R10+$S$2)>1,LEFT(R10+$S$2,1)+RIGHT(R10+$S$2,1),R10+$S$2))-1,9)+1 -> 4 | U10: 8 | V10: =MOD((IF(LEN(U10+$V$2)>1,LEFT(U10+$V$2,1)+RIGHT(U10+$V$2,1),U10+$V$2))-1,9)+1 -> 5 | X10: 8 | Y10: =MOD((IF(LEN(X10+$Y$2)>1,LEFT(X10+$Y$2,1)+RIGHT(X10+$Y$2,1),X10+$Y$2))-1,9)+1 -> 6 | AA10: 8 | AB10: =MOD((IF(LEN(AA10+$AB$2)>1,LEFT(AA10+$AB$2,1)+RIGHT(AA10+$AB$2,1),AA10+$AB$2))-1,9)+1 -> 7 | AD10: 8 | AE10: =MOD((IF(LEN(AD10+$AE$2)>1,LEFT(AD10+$AE$2,1)+RIGHT(AD10+$AE$2,1),AD10+$AE$2))-1,9)+1 -> 8 | AG10: 8 | AH10: =MOD((IF(LEN(AG10+$AH$2)>1,LEFT(AG10+$AH$2,1)+RIGHT(AG10+$AH$2,1),AG10+$AH$2))-1,9)+1 -> 9 | AJ10: 8 | AK10: =MOD((IF(LEN(AJ10+$AK$2)>1,LEFT(AJ10+$AK$2,1)+RIGHT(AJ10+$AK$2,1),AJ10+$AK$2))-1,9)+1 -> 1 | AM10: 8 | AN10: =MOD((IF(LEN(AM10+$AN$2)>1,LEFT(AM10+$AN$2,1)+RIGHT(AM10+$AN$2,1),AM10+$AN$2))-1,9)+1 -> 2 | AP10: 8 | AQ10: =MOD((IF(LEN(AP10+$AQ$2)>1,LEFT(AP10+$AQ$2,1)+RIGHT(AP10+$AQ$2,1),AP10+$AQ$2))-1,9)+1 -> 3 | AS10: 8 | AT10: =MOD((IF(LEN(AS10+$AT$2)>1,LEFT(AS10+$AT$2,1)+RIGHT(AS10+$AT$2,1),AS10+$AT$2))-1,9)+1 -> 4 | AV10: 8 | AW10: =MOD((IF(LEN(AV10+$AW$2)>1,LEFT(AV10+$AW$2,1)+RIGHT(AV10+$AW$2,1),AV10+$AW$2))-1,9)+1 -> 5 | AY10: 8 | AZ10: =MOD((IF(LEN(AY10+$AZ$2)>1,LEFT(AY10+$AZ$2,1)+RIGHT(AY10+$AZ$2,1),AY10+$AZ$2))-1,9)+1 -> 6 | CA10: 43839 | CB10: =TEXT(CA10,"DD-MMM") -> 09-Jan | CC10: Capricorn | CD10: Earth | CE10: =CC10&" - "&CD10 -> Capricorn - Earth
A11: Date | D11: D | E11: D | G11: M | H11: M | J11: Y | K11: Y | L11: Y | M11: Y | R11: 9 | S11: =MOD((IF(LEN(R11+$S$2)>1,LEFT(R11+$S$2,1)+RIGHT(R11+$S$2,1),R11+$S$2))-1,9)+1 -> 5 | U11: 9 | V11: =MOD((IF(LEN(U11+$V$2)>1,LEFT(U11+$V$2,1)+RIGHT(U11+$V$2,1),U11+$V$2))-1,9)+1 -> 6 | X11: 9 | Y11: =MOD((IF(LEN(X11+$Y$2)>1,LEFT(X11+$Y$2,1)+RIGHT(X11+$Y$2,1),X11+$Y$2))-1,9)+1 -> 7 | AA11: 9 | AB11: =MOD((IF(LEN(AA11+$AB$2)>1,LEFT(AA11+$AB$2,1)+RIGHT(AA11+$AB$2,1),AA11+$AB$2))-1,9)+1 -> 8 | AD11: 9 | AE11: =MOD((IF(LEN(AD11+$AE$2)>1,LEFT(AD11+$AE$2,1)+RIGHT(AD11+$AE$2,1),AD11+$AE$2))-1,9)+1 -> 9 | AG11: 9 | AH11: =MOD((IF(LEN(AG11+$AH$2)>1,LEFT(AG11+$AH$2,1)+RIGHT(AG11+$AH$2,1),AG11+$AH$2))-1,9)+1 -> 1 | AJ11: 9 | AK11: =MOD((IF(LEN(AJ11+$AK$2)>1,LEFT(AJ11+$AK$2,1)+RIGHT(AJ11+$AK$2,1),AJ11+$AK$2))-1,9)+1 -> 2 | AM11: 9 | AN11: =MOD((IF(LEN(AM11+$AN$2)>1,LEFT(AM11+$AN$2,1)+RIGHT(AM11+$AN$2,1),AM11+$AN$2))-1,9)+1 -> 3 | AP11: 9 | AQ11: =MOD((IF(LEN(AP11+$AQ$2)>1,LEFT(AP11+$AQ$2,1)+RIGHT(AP11+$AQ$2,1),AP11+$AQ$2))-1,9)+1 -> 4 | AS11: 9 | AT11: =MOD((IF(LEN(AS11+$AT$2)>1,LEFT(AS11+$AT$2,1)+RIGHT(AS11+$AT$2,1),AS11+$AT$2))-1,9)+1 -> 5 | AV11: 9 | AW11: =MOD((IF(LEN(AV11+$AW$2)>1,LEFT(AV11+$AW$2,1)+RIGHT(AV11+$AW$2,1),AV11+$AW$2))-1,9)+1 -> 6 | AY11: 9 | AZ11: =MOD((IF(LEN(AY11+$AZ$2)>1,LEFT(AY11+$AZ$2,1)+RIGHT(AY11+$AZ$2,1),AY11+$AZ$2))-1,9)+1 -> 7 | CA11: 43840 | CB11: =TEXT(CA11,"DD-MMM") -> 10-Jan | CC11: Capricorn | CD11: Earth | CE11: =CC11&" - "&CD11 -> Capricorn - Earth
A12: 43831 | D12: =MID(A13,1,1) -> 0 | E12: =MID(A13,2,1) -> 1 | G12: =MID(A13,4,1) -> 0 | H12: =MID(A13,5,1) -> 1 | J12: =MID(A13,7,1) -> 2 | K12: =MID(A13,8,1) -> 0 | L12: =MID(A13,9,1) -> 2 | M12: =MID(A13,10,1) -> 0 | R12: 10 | S12: =MOD((IF(LEN(R12+$S$2)>1,LEFT(R12+$S$2,1)+RIGHT(R12+$S$2,1),R12+$S$2))-1,9)+1 -> 6 | U12: 10 | V12: =MOD((IF(LEN(U12+$V$2)>1,LEFT(U12+$V$2,1)+RIGHT(U12+$V$2,1),U12+$V$2))-1,9)+1 -> 7 | X12: 10 | Y12: =MOD((IF(LEN(X12+$Y$2)>1,LEFT(X12+$Y$2,1)+RIGHT(X12+$Y$2,1),X12+$Y$2))-1,9)+1 -> 8 | AA12: 10 | AB12: =MOD((IF(LEN(AA12+$AB$2)>1,LEFT(AA12+$AB$2,1)+RIGHT(AA12+$AB$2,1),AA12+$AB$2))-1,9)+1 -> 9 | AD12: 10 | AE12: =MOD((IF(LEN(AD12+$AE$2)>1,LEFT(AD12+$AE$2,1)+RIGHT(AD12+$AE$2,1),AD12+$AE$2))-1,9)+1 -> 1 | AG12: 10 | AH12: =MOD((IF(LEN(AG12+$AH$2)>1,LEFT(AG12+$AH$2,1)+RIGHT(AG12+$AH$2,1),AG12+$AH$2))-1,9)+1 -> 2 | AJ12: 10 | AK12: =MOD((IF(LEN(AJ12+$AK$2)>1,LEFT(AJ12+$AK$2,1)+RIGHT(AJ12+$AK$2,1),AJ12+$AK$2))-1,9)+1 -> 3 | AM12: 10 | AN12: =MOD((IF(LEN(AM12+$AN$2)>1,LEFT(AM12+$AN$2,1)+RIGHT(AM12+$AN$2,1),AM12+$AN$2))-1,9)+1 -> 4 | AP12: 10 | AQ12: =MOD((IF(LEN(AP12+$AQ$2)>1,LEFT(AP12+$AQ$2,1)+RIGHT(AP12+$AQ$2,1),AP12+$AQ$2))-1,9)+1 -> 5 | AS12: 10 | AT12: =MOD((IF(LEN(AS12+$AT$2)>1,LEFT(AS12+$AT$2,1)+RIGHT(AS12+$AT$2,1),AS12+$AT$2))-1,9)+1 -> 6 | AV12: 10 | AW12: =MOD((IF(LEN(AV12+$AW$2)>1,LEFT(AV12+$AW$2,1)+RIGHT(AV12+$AW$2,1),AV12+$AW$2))-1,9)+1 -> 7 | AY12: 10 | AZ12: =MOD((IF(LEN(AY12+$AZ$2)>1,LEFT(AY12+$AZ$2,1)+RIGHT(AY12+$AZ$2,1),AY12+$AZ$2))-1,9)+1 -> 8 | CA12: 43841 | CB12: =TEXT(CA12,"DD-MMM") -> 11-Jan | CC12: Capricorn | CD12: Earth | CE12: =CC12&" - "&CD12 -> Capricorn - Earth
A13: =TEXT(A12,"DD-MM-YYYY") -> 01-01-2020 | D13: =D12+E12 -> 1 | G13: =G12+H12 -> 1 | J13: =J12+K12+L12+M12 -> 4 | R13: 11 | S13: =MOD((IF(LEN(R13+$S$2)>1,LEFT(R13+$S$2,1)+RIGHT(R13+$S$2,1),R13+$S$2))-1,9)+1 -> 7 | U13: 11 | V13: =MOD((IF(LEN(U13+$V$2)>1,LEFT(U13+$V$2,1)+RIGHT(U13+$V$2,1),U13+$V$2))-1,9)+1 -> 8 | X13: 11 | Y13: =MOD((IF(LEN(X13+$Y$2)>1,LEFT(X13+$Y$2,1)+RIGHT(X13+$Y$2,1),X13+$Y$2))-1,9)+1 -> 9 | AA13: 11 | AB13: =MOD((IF(LEN(AA13+$AB$2)>1,LEFT(AA13+$AB$2,1)+RIGHT(AA13+$AB$2,1),AA13+$AB$2))-1,9)+1 -> 1 | AD13: 11 | AE13: =MOD((IF(LEN(AD13+$AE$2)>1,LEFT(AD13+$AE$2,1)+RIGHT(AD13+$AE$2,1),AD13+$AE$2))-1,9)+1 -> 2 | AG13: 11 | AH13: =MOD((IF(LEN(AG13+$AH$2)>1,LEFT(AG13+$AH$2,1)+RIGHT(AG13+$AH$2,1),AG13+$AH$2))-1,9)+1 -> 3 | AJ13: 11 | AK13: =MOD((IF(LEN(AJ13+$AK$2)>1,LEFT(AJ13+$AK$2,1)+RIGHT(AJ13+$AK$2,1),AJ13+$AK$2))-1,9)+1 -> 4 | AM13: 11 | AN13: =MOD((IF(LEN(AM13+$AN$2)>1,LEFT(AM13+$AN$2,1)+RIGHT(AM13+$AN$2,1),AM13+$AN$2))-1,9)+1 -> 5 | AP13: 11 | AQ13: =MOD((IF(LEN(AP13+$AQ$2)>1,LEFT(AP13+$AQ$2,1)+RIGHT(AP13+$AQ$2,1),AP13+$AQ$2))-1,9)+1 -> 6 | AS13: 11 | AT13: =MOD((IF(LEN(AS13+$AT$2)>1,LEFT(AS13+$AT$2,1)+RIGHT(AS13+$AT$2,1),AS13+$AT$2))-1,9)+1 -> 7 | AV13: 11 | AW13: =MOD((IF(LEN(AV13+$AW$2)>1,LEFT(AV13+$AW$2,1)+RIGHT(AV13+$AW$2,1),AV13+$AW$2))-1,9)+1 -> 8 | AY13: 11 | AZ13: =MOD((IF(LEN(AY13+$AZ$2)>1,LEFT(AY13+$AZ$2,1)+RIGHT(AY13+$AZ$2,1),AY13+$AZ$2))-1,9)+1 -> 9 | CA13: 43842 | CB13: =TEXT(CA13,"DD-MMM") -> 12-Jan | CC13: Capricorn | CD13: Earth | CE13: =CC13&" - "&CD13 -> Capricorn - Earth
D14: =IF(LEN(D13)>1,LEFT(D13,1)+RIGHT(D13,1),D13) -> 1 | G14: =IF(LEN(G13)>1,LEFT(G13,1)+RIGHT(G13,1),G13) -> 1 | J14: =IF(LEN(J13)>1,LEFT(J13,1)+RIGHT(J13,1),J13) -> 4 | R14: 12 | S14: =MOD((IF(LEN(R14+$S$2)>1,LEFT(R14+$S$2,1)+RIGHT(R14+$S$2,1),R14+$S$2))-1,9)+1 -> 8 | U14: 12 | V14: =MOD((IF(LEN(U14+$V$2)>1,LEFT(U14+$V$2,1)+RIGHT(U14+$V$2,1),U14+$V$2))-1,9)+1 -> 9 | X14: 12 | Y14: =MOD((IF(LEN(X14+$Y$2)>1,LEFT(X14+$Y$2,1)+RIGHT(X14+$Y$2,1),X14+$Y$2))-1,9)+1 -> 1 | AA14: 12 | AB14: =MOD((IF(LEN(AA14+$AB$2)>1,LEFT(AA14+$AB$2,1)+RIGHT(AA14+$AB$2,1),AA14+$AB$2))-1,9)+1 -> 2 | AD14: 12 | AE14: =MOD((IF(LEN(AD14+$AE$2)>1,LEFT(AD14+$AE$2,1)+RIGHT(AD14+$AE$2,1),AD14+$AE$2))-1,9)+1 -> 3 | AG14: 12 | AH14: =MOD((IF(LEN(AG14+$AH$2)>1,LEFT(AG14+$AH$2,1)+RIGHT(AG14+$AH$2,1),AG14+$AH$2))-1,9)+1 -> 4 | AJ14: 12 | AK14: =MOD((IF(LEN(AJ14+$AK$2)>1,LEFT(AJ14+$AK$2,1)+RIGHT(AJ14+$AK$2,1),AJ14+$AK$2))-1,9)+1 -> 5 | AM14: 12 | AN14: =MOD((IF(LEN(AM14+$AN$2)>1,LEFT(AM14+$AN$2,1)+RIGHT(AM14+$AN$2,1),AM14+$AN$2))-1,9)+1 -> 6 | AP14: 12 | AQ14: =MOD((IF(LEN(AP14+$AQ$2)>1,LEFT(AP14+$AQ$2,1)+RIGHT(AP14+$AQ$2,1),AP14+$AQ$2))-1,9)+1 -> 7 | AS14: 12 | AT14: =MOD((IF(LEN(AS14+$AT$2)>1,LEFT(AS14+$AT$2,1)+RIGHT(AS14+$AT$2,1),AS14+$AT$2))-1,9)+1 -> 8 | AV14: 12 | AW14: =MOD((IF(LEN(AV14+$AW$2)>1,LEFT(AV14+$AW$2,1)+RIGHT(AV14+$AW$2,1),AV14+$AW$2))-1,9)+1 -> 9 | AY14: 12 | AZ14: =MOD((IF(LEN(AY14+$AZ$2)>1,LEFT(AY14+$AZ$2,1)+RIGHT(AY14+$AZ$2,1),AY14+$AZ$2))-1,9)+1 -> 1 | CA14: 43843 | CB14: =TEXT(CA14,"DD-MMM") -> 13-Jan | CC14: Capricorn | CD14: Earth | CE14: =CC14&" - "&CD14 -> Capricorn - Earth
R15: 13 | S15: =MOD((IF(LEN(R15+$S$2)>1,LEFT(R15+$S$2,1)+RIGHT(R15+$S$2,1),R15+$S$2))-1,9)+1 -> 9 | U15: 13 | V15: =MOD((IF(LEN(U15+$V$2)>1,LEFT(U15+$V$2,1)+RIGHT(U15+$V$2,1),U15+$V$2))-1,9)+1 -> 1 | X15: 13 | Y15: =MOD((IF(LEN(X15+$Y$2)>1,LEFT(X15+$Y$2,1)+RIGHT(X15+$Y$2,1),X15+$Y$2))-1,9)+1 -> 2 | AA15: 13 | AB15: =MOD((IF(LEN(AA15+$AB$2)>1,LEFT(AA15+$AB$2,1)+RIGHT(AA15+$AB$2,1),AA15+$AB$2))-1,9)+1 -> 3 | AD15: 13 | AE15: =MOD((IF(LEN(AD15+$AE$2)>1,LEFT(AD15+$AE$2,1)+RIGHT(AD15+$AE$2,1),AD15+$AE$2))-1,9)+1 -> 4 | AG15: 13 | AH15: =MOD((IF(LEN(AG15+$AH$2)>1,LEFT(AG15+$AH$2,1)+RIGHT(AG15+$AH$2,1),AG15+$AH$2))-1,9)+1 -> 5 | AJ15: 13 | AK15: =MOD((IF(LEN(AJ15+$AK$2)>1,LEFT(AJ15+$AK$2,1)+RIGHT(AJ15+$AK$2,1),AJ15+$AK$2))-1,9)+1 -> 6 | AM15: 13 | AN15: =MOD((IF(LEN(AM15+$AN$2)>1,LEFT(AM15+$AN$2,1)+RIGHT(AM15+$AN$2,1),AM15+$AN$2))-1,9)+1 -> 7 | AP15: 13 | AQ15: =MOD((IF(LEN(AP15+$AQ$2)>1,LEFT(AP15+$AQ$2,1)+RIGHT(AP15+$AQ$2,1),AP15+$AQ$2))-1,9)+1 -> 8 | AS15: 13 | AT15: =MOD((IF(LEN(AS15+$AT$2)>1,LEFT(AS15+$AT$2,1)+RIGHT(AS15+$AT$2,1),AS15+$AT$2))-1,9)+1 -> 9 | AV15: 13 | AW15: =MOD((IF(LEN(AV15+$AW$2)>1,LEFT(AV15+$AW$2,1)+RIGHT(AV15+$AW$2,1),AV15+$AW$2))-1,9)+1 -> 1 | AY15: 13 | AZ15: =MOD((IF(LEN(AY15+$AZ$2)>1,LEFT(AY15+$AZ$2,1)+RIGHT(AY15+$AZ$2,1),AY15+$AZ$2))-1,9)+1 -> 2 | CA15: 43844 | CB15: =TEXT(CA15,"DD-MMM") -> 14-Jan | CC15: Capricorn | CD15: Earth | CE15: =CC15&" - "&CD15 -> Capricorn - Earth
A16: Current Year | B16: Personal Year | D16: =D7+G7+J14 -> 13 | F16: =MOD(D16-1,9)+1 -> 4 | R16: 14 | S16: =MOD((IF(LEN(R16+$S$2)>1,LEFT(R16+$S$2,1)+RIGHT(R16+$S$2,1),R16+$S$2))-1,9)+1 -> 1 | U16: 14 | V16: =MOD((IF(LEN(U16+$V$2)>1,LEFT(U16+$V$2,1)+RIGHT(U16+$V$2,1),U16+$V$2))-1,9)+1 -> 2 | X16: 14 | Y16: =MOD((IF(LEN(X16+$Y$2)>1,LEFT(X16+$Y$2,1)+RIGHT(X16+$Y$2,1),X16+$Y$2))-1,9)+1 -> 3 | AA16: 14 | AB16: =MOD((IF(LEN(AA16+$AB$2)>1,LEFT(AA16+$AB$2,1)+RIGHT(AA16+$AB$2,1),AA16+$AB$2))-1,9)+1 -> 4 | AD16: 14 | AE16: =MOD((IF(LEN(AD16+$AE$2)>1,LEFT(AD16+$AE$2,1)+RIGHT(AD16+$AE$2,1),AD16+$AE$2))-1,9)+1 -> 5 | AG16: 14 | AH16: =MOD((IF(LEN(AG16+$AH$2)>1,LEFT(AG16+$AH$2,1)+RIGHT(AG16+$AH$2,1),AG16+$AH$2))-1,9)+1 -> 6 | AJ16: 14 | AK16: =MOD((IF(LEN(AJ16+$AK$2)>1,LEFT(AJ16+$AK$2,1)+RIGHT(AJ16+$AK$2,1),AJ16+$AK$2))-1,9)+1 -> 7 | AM16: 14 | AN16: =MOD((IF(LEN(AM16+$AN$2)>1,LEFT(AM16+$AN$2,1)+RIGHT(AM16+$AN$2,1),AM16+$AN$2))-1,9)+1 -> 8 | AP16: 14 | AQ16: =MOD((IF(LEN(AP16+$AQ$2)>1,LEFT(AP16+$AQ$2,1)+RIGHT(AP16+$AQ$2,1),AP16+$AQ$2))-1,9)+1 -> 9 | AS16: 14 | AT16: =MOD((IF(LEN(AS16+$AT$2)>1,LEFT(AS16+$AT$2,1)+RIGHT(AS16+$AT$2,1),AS16+$AT$2))-1,9)+1 -> 1 | AV16: 14 | AW16: =MOD((IF(LEN(AV16+$AW$2)>1,LEFT(AV16+$AW$2,1)+RIGHT(AV16+$AW$2,1),AV16+$AW$2))-1,9)+1 -> 2 | AY16: 14 | AZ16: =MOD((IF(LEN(AY16+$AZ$2)>1,LEFT(AY16+$AZ$2,1)+RIGHT(AY16+$AZ$2,1),AY16+$AZ$2))-1,9)+1 -> 3 | CA16: 43845 | CB16: =TEXT(CA16,"DD-MMM") -> 15-Jan | CC16: Capricorn | CD16: Earth | CE16: =CC16&" - "&CD16 -> Capricorn - Earth
A17: Current Month | B17: Personal Month | D17: =F16+G14 -> 5 | F17: =MOD(D17-1,9)+1 -> 5 | R17: 15 | S17: =MOD((IF(LEN(R17+$S$2)>1,LEFT(R17+$S$2,1)+RIGHT(R17+$S$2,1),R17+$S$2))-1,9)+1 -> 2 | U17: 15 | V17: =MOD((IF(LEN(U17+$V$2)>1,LEFT(U17+$V$2,1)+RIGHT(U17+$V$2,1),U17+$V$2))-1,9)+1 -> 3 | X17: 15 | Y17: =MOD((IF(LEN(X17+$Y$2)>1,LEFT(X17+$Y$2,1)+RIGHT(X17+$Y$2,1),X17+$Y$2))-1,9)+1 -> 4 | AA17: 15 | AB17: =MOD((IF(LEN(AA17+$AB$2)>1,LEFT(AA17+$AB$2,1)+RIGHT(AA17+$AB$2,1),AA17+$AB$2))-1,9)+1 -> 5 | AD17: 15 | AE17: =MOD((IF(LEN(AD17+$AE$2)>1,LEFT(AD17+$AE$2,1)+RIGHT(AD17+$AE$2,1),AD17+$AE$2))-1,9)+1 -> 6 | AG17: 15 | AH17: =MOD((IF(LEN(AG17+$AH$2)>1,LEFT(AG17+$AH$2,1)+RIGHT(AG17+$AH$2,1),AG17+$AH$2))-1,9)+1 -> 7 | AJ17: 15 | AK17: =MOD((IF(LEN(AJ17+$AK$2)>1,LEFT(AJ17+$AK$2,1)+RIGHT(AJ17+$AK$2,1),AJ17+$AK$2))-1,9)+1 -> 8 | AM17: 15 | AN17: =MOD((IF(LEN(AM17+$AN$2)>1,LEFT(AM17+$AN$2,1)+RIGHT(AM17+$AN$2,1),AM17+$AN$2))-1,9)+1 -> 9 | AP17: 15 | AQ17: =MOD((IF(LEN(AP17+$AQ$2)>1,LEFT(AP17+$AQ$2,1)+RIGHT(AP17+$AQ$2,1),AP17+$AQ$2))-1,9)+1 -> 1 | AS17: 15 | AT17: =MOD((IF(LEN(AS17+$AT$2)>1,LEFT(AS17+$AT$2,1)+RIGHT(AS17+$AT$2,1),AS17+$AT$2))-1,9)+1 -> 2 | AV17: 15 | AW17: =MOD((IF(LEN(AV17+$AW$2)>1,LEFT(AV17+$AW$2,1)+RIGHT(AV17+$AW$2,1),AV17+$AW$2))-1,9)+1 -> 3 | AY17: 15 | AZ17: =MOD((IF(LEN(AY17+$AZ$2)>1,LEFT(AY17+$AZ$2,1)+RIGHT(AY17+$AZ$2,1),AY17+$AZ$2))-1,9)+1 -> 4 | CA17: 43846 | CB17: =TEXT(CA17,"DD-MMM") -> 16-Jan | CC17: Capricorn | CD17: Earth | CE17: =CC17&" - "&CD17 -> Capricorn - Earth
